Product Type,Temperature (°C),Humidity (%),Shock Level (g),Risk Level
Milk,7.8,88.4,4.68,1
Fruits,4.8,78.4,3.6,1
Milk,8.3,79.8,2.0,1
Fruits,9.1,72.2,1.42,1
Vegetables,11.7,82.6,2.95,1
Fruits,10.1,83.6,2.81,1
Milk,4.7,84.4,1.75,0
Eggs,7.9,51.3,2.4,1
Fruits,10.4,78.8,3.15,1
Fruits,9.7,72.2,1.28,1
Meat,5.0,90.3,0.76,1
Meat,5.2,82.8,4.28,1
Fruits,7.8,72.8,2.04,0
Eggs,5.8,53.0,3.09,1
Eggs,9.5,64.4,0.42,1
Meat,6.4,78.2,1.89,1
Eggs,3.9,53.6,4.44,1
Fruits,12.8,89.3,4.81,1
Fruits,10.9,84.2,4.32,1
Eggs,6.1,63.4,4.65,1
Vegetables,11.5,84.1,1.31,1
Fruits,9.3,74.5,2.42,1
Meat,5.0,81.7,0.06,0
Eggs,2.4,68.8,2.27,0
Vegetables,6.3,84.2,3.14,1
Fruits,7.7,75.5,0.54,0
Eggs,4.4,55.2,2.18,0
Vegetables,2.4,93.5,1.26,1
Vegetables,2.8,88.0,4.4,1
Vegetables,5.1,91.4,2.45,1
Eggs,4.1,62.8,0.38,0
Eggs,9.1,59.9,4.28,1
Fruits,4.2,71.4,1.2,0
Eggs,7.6,55.6,3.65,1
Meat,0.1,82.1,0.08,0
Vegetables,2.9,80.4,0.51,0
Milk,5.9,69.9,4.16,1
Milk,8.3,76.7,1.31,1
Vegetables,8.5,91.6,2.34,1
Eggs,3.0,59.1,1.92,0
Fruits,7.9,88.0,4.1,1
Fruits,11.3,84.3,1.14,1
Milk,9.6,65.5,0.26,1
Fruits,14.3,84.7,2.8,1
Meat,1.1,86.8,4.09,1
Vegetables,6.6,91.7,3.33,1
Fruits,7.7,74.8,1.57,0
Vegetables,2.1,90.5,4.07,1
Meat,4.4,85.4,3.52,1
Milk,2.6,83.8,4.95,1
Milk,4.2,73.7,1.71,0
Fruits,13.2,76.9,4.65,1
Vegetables,7.5,93.8,0.73,1
Milk,8.6,72.4,2.4,1
Vegetables,10.4,93.5,0.66,1
Fruits,7.0,80.3,3.7,1
Fruits,14.7,89.9,0.01,1
Vegetables,5.1,83.6,1.15,0
Eggs,9.2,67.6,2.52,1
Milk,4.6,86.0,1.03,1
Milk,7.4,62.5,0.25,1
Vegetables,4.0,90.6,0.05,1
Fruits,7.6,88.7,3.95,1
Meat,5.1,79.8,1.74,0
Eggs,7.3,56.1,0.68,1
Eggs,6.2,66.1,1.99,0
Vegetables,10.4,82.4,2.24,1
Fruits,13.8,89.8,0.78,1
Fruits,5.4,72.0,3.37,1
Eggs,3.4,64.5,4.17,1
Milk,6.4,89.3,0.08,1
Milk,9.2,86.8,3.33,1
Meat,1.7,89.0,2.62,1
Milk,3.4,70.5,3.97,1
Fruits,11.8,70.8,0.43,1
Eggs,3.9,54.3,0.5,0
Vegetables,9.0,89.0,4.1,1
Fruits,7.4,75.7,1.85,0
Milk,9.8,61.3,3.6,1
Fruits,10.3,76.1,4.4,1
Fruits,12.0,79.4,4.58,1
Eggs,5.5,63.9,4.83,1
Meat,3.7,90.5,2.74,1
Vegetables,10.9,84.6,1.3,1
Eggs,9.1,52.1,2.27,1
Fruits,13.8,77.3,2.31,1
Milk,10.0,87.0,2.81,1
Eggs,10.0,55.8,1.29,1
Milk,6.3,83.0,0.64,0
Milk,3.1,65.9,4.97,1
Fruits,10.0,85.7,0.26,1
Meat,1.9,88.3,1.5,1
Eggs,3.7,68.2,3.42,1
Eggs,6.2,64.3,1.81,0
Meat,5.7,75.9,4.86,1
Vegetables,7.2,93.6,0.48,1
Eggs,4.8,61.9,2.25,0
Meat,4.9,74.5,4.64,1
Milk,3.4,62.1,1.66,0
Milk,2.9,74.4,4.66,1
Fruits,12.8,72.5,1.01,1
Eggs,6.9,59.8,2.55,1
Fruits,6.3,74.9,4.36,1
Fruits,6.9,73.5,4.37,1
Milk,2.1,81.1,2.49,0
Vegetables,4.4,88.9,3.11,1
Vegetables,2.1,95.1,4.84,1
Fruits,8.2,71.4,3.0,1
Milk,5.1,80.5,0.28,0
Eggs,6.0,52.0,1.51,0
Milk,7.0,69.6,4.87,1
Milk,4.5,73.2,0.93,0
Vegetables,7.0,86.2,3.44,1
Milk,2.8,89.7,2.78,1
Eggs,7.5,62.1,1.38,1
Meat,3.9,80.6,3.21,1
Vegetables,2.8,80.6,0.03,0
Meat,6.1,85.2,3.11,1
Eggs,4.3,68.9,3.22,1
Meat,5.1,74.0,4.41,1
Milk,9.2,72.8,1.38,1
Meat,2.4,88.6,2.5,1
Fruits,13.3,73.4,2.76,1
Eggs,5.2,61.6,3.87,1
Milk,9.1,73.2,4.18,1
Eggs,8.1,51.3,2.25,1
Fruits,11.3,79.6,4.02,1
Fruits,11.6,88.3,4.01,1
Eggs,3.0,55.9,4.73,1
Milk,2.9,85.8,1.73,1
Meat,6.8,93.1,0.19,1
Fruits,5.5,87.2,2.59,1
Fruits,12.5,88.2,1.81,1
Milk,8.3,60.1,4.55,1
Vegetables,11.9,84.0,1.63,1
Meat,6.4,94.5,0.31,1
Milk,6.4,84.9,2.43,0
Milk,6.9,82.4,1.87,0
Milk,5.3,90.0,0.93,1
Eggs,8.5,57.3,4.3,1
Eggs,4.3,60.6,1.31,0
Meat,3.8,75.1,0.2,0
Eggs,9.5,68.5,3.45,1
Vegetables,6.8,91.9,0.3,1
Meat,3.7,86.2,4.3,1
Milk,9.0,86.5,1.45,1
Meat,3.5,80.0,4.29,1
Fruits,4.6,84.1,1.67,0
Fruits,5.5,86.6,4.42,1
Eggs,3.2,55.6,0.12,0
Meat,3.1,76.1,0.02,0
Meat,6.6,75.8,1.66,1
Milk,4.4,83.6,1.22,0
Eggs,2.8,69.0,1.44,0
Fruits,6.7,82.4,3.14,1
Vegetables,6.8,88.3,3.21,1
Eggs,9.0,55.3,0.87,1
Eggs,5.8,50.4,4.4,1
Vegetables,5.6,82.6,4.32,1
Fruits,4.6,71.6,0.03,0
Fruits,4.6,80.5,4.93,1
Vegetables,7.4,84.4,4.64,1
Milk,7.0,68.8,2.86,1
Vegetables,8.7,81.4,0.23,1
Milk,9.9,71.6,2.36,1
Fruits,12.1,78.5,2.53,1
Meat,0.8,79.8,0.36,0
Milk,5.4,67.7,3.49,1
Fruits,10.8,71.8,2.49,1
Vegetables,2.2,82.8,3.57,1
Milk,2.2,64.8,1.38,0
Milk,8.1,65.7,3.86,1
Vegetables,9.7,93.2,2.27,1
Eggs,5.1,68.0,1.1,0
Fruits,8.8,79.5,0.66,0
Milk,5.6,72.8,4.93,1
Milk,4.9,78.2,1.52,0
Eggs,6.4,68.1,2.47,0
Vegetables,11.6,80.8,2.79,1
Fruits,11.0,75.9,4.37,1
Milk,6.4,68.6,3.37,1
Meat,0.5,93.9,1.5,1
Meat,2.8,88.1,0.53,1
Vegetables,6.7,88.4,3.83,1
Milk,9.4,74.9,3.8,1
Milk,3.5,67.1,1.08,0
Eggs,2.7,68.3,2.43,0
Meat,6.7,83.5,4.9,1
Fruits,5.4,77.2,2.6,1
Eggs,2.6,64.8,4.82,1
Milk,7.9,60.5,3.71,1
Vegetables,9.9,97.6,2.15,1
Milk,2.5,89.2,4.93,1
Meat,8.0,92.4,0.85,1
Fruits,5.6,74.5,4.1,1
Eggs,4.2,57.7,3.34,1
Meat,0.2,93.9,1.85,1
Eggs,6.5,59.1,2.66,1
Vegetables,5.7,82.1,2.91,1
Fruits,10.1,84.6,4.64,1
Meat,5.5,92.0,4.01,1
Milk,4.6,68.1,1.89,0
Fruits,6.4,82.2,2.97,1
Vegetables,4.5,95.1,3.29,1
Meat,5.0,72.9,2.65,1
Vegetables,8.2,97.1,1.41,1
Milk,3.9,63.9,3.0,1
Meat,7.7,70.3,4.49,1
Fruits,9.5,80.3,4.61,1
Fruits,7.1,87.2,4.46,1
Eggs,9.7,58.5,4.76,1
Eggs,8.8,69.3,0.28,1
Milk,3.8,60.6,0.28,0
Vegetables,8.0,84.9,1.82,0
Meat,0.5,94.7,0.01,1
Vegetables,5.2,86.3,3.68,1
Meat,4.1,79.9,2.32,0
Eggs,6.8,50.8,3.44,1
Fruits,12.8,74.3,0.89,1
Meat,3.7,84.3,3.42,1
Milk,7.3,72.4,0.96,1
Meat,3.3,74.2,0.19,0
Meat,5.5,83.6,2.07,0
Eggs,6.5,65.8,0.41,0
Fruits,12.6,88.4,3.67,1
Meat,2.7,93.4,4.32,1
Milk,9.3,89.3,2.07,1
Eggs,5.8,64.4,0.68,0
Milk,2.4,86.1,4.91,1
Vegetables,2.1,86.8,2.92,1
Meat,4.1,88.3,2.6,1
Vegetables,2.8,84.1,3.61,1
Meat,5.2,80.8,4.83,1
Milk,8.4,62.8,0.93,1
Meat,3.0,87.7,1.6,1
Vegetables,5.8,83.5,4.48,1
Fruits,10.2,80.9,1.55,1
Vegetables,11.7,92.3,3.36,1
Meat,0.1,73.6,1.94,0
Milk,9.8,76.7,3.94,1
Fruits,12.0,89.8,1.22,1
Vegetables,3.2,85.5,0.81,1
Meat,4.3,83.7,3.75,1
Eggs,5.3,57.3,1.57,0
Eggs,9.4,55.2,3.46,1
Meat,5.5,70.7,2.9,1
Eggs,3.8,63.8,0.15,0
Meat,3.7,86.1,4.65,1
Fruits,5.9,85.5,4.02,1
Milk,6.1,86.9,4.86,1
Milk,6.4,63.7,2.66,1
Fruits,14.0,89.4,2.48,1
Vegetables,7.4,97.1,3.13,1
Eggs,6.4,57.2,0.53,0
Vegetables,4.6,83.2,0.77,0
Vegetables,2.3,97.8,2.26,1
Milk,2.6,64.1,1.83,0
Milk,5.7,74.1,4.52,1
Vegetables,7.8,88.1,3.91,1
Eggs,9.6,51.8,4.89,1
Vegetables,8.4,82.8,4.11,1
Eggs,5.0,50.5,3.09,1
Meat,1.6,82.6,3.3,1
Milk,9.3,82.3,4.75,1
Vegetables,10.0,80.1,0.22,1
Vegetables,2.5,86.1,2.89,1
Vegetables,10.0,97.2,4.25,1
Vegetables,11.8,94.9,2.12,1
Eggs,7.8,55.4,2.77,1
Fruits,13.5,83.6,2.76,1
Eggs,9.3,63.0,4.96,1
Eggs,9.1,62.6,1.7,1
Eggs,4.5,65.6,4.94,1
Eggs,7.6,57.5,0.81,1
Fruits,6.3,76.4,2.37,0
Meat,1.3,92.6,3.62,1
Vegetables,5.1,89.5,1.14,1
Eggs,6.1,62.6,0.18,0
Vegetables,6.8,97.6,0.77,1
Fruits,13.0,86.1,2.02,1
Milk,3.9,71.7,3.72,1
Vegetables,5.4,81.3,1.01,0
Milk,7.2,86.5,0.6,1
Fruits,10.0,80.3,2.01,1
Vegetables,4.8,92.4,4.72,1
Vegetables,7.3,89.4,4.87,1
Eggs,7.7,58.2,0.69,1
Eggs,8.3,51.7,2.16,1
Milk,3.9,68.4,0.01,0
Milk,4.6,63.2,2.95,1
Vegetables,7.0,81.7,0.9,0
Vegetables,11.1,90.0,1.74,1
Milk,2.7,75.7,1.91,0
Fruits,7.6,78.1,3.63,1
Meat,0.4,77.2,3.18,1
Meat,6.3,71.4,0.11,1
Eggs,7.2,55.5,2.68,1
Milk,3.1,67.9,0.79,0
Eggs,10.0,60.8,4.97,1
Fruits,6.3,76.5,1.06,0
Fruits,14.5,86.7,0.94,1
Vegetables,2.3,82.1,4.62,1
Eggs,9.0,68.5,3.82,1
Meat,0.6,82.5,1.41,0
Eggs,3.8,59.2,0.56,0
Milk,9.9,87.3,2.98,1
Vegetables,6.2,80.3,2.42,0
Meat,6.8,84.7,3.46,1
Eggs,8.6,66.9,3.97,1
Vegetables,7.4,91.4,3.11,1
Milk,7.5,65.2,1.51,1
Vegetables,3.2,80.0,1.03,0
Milk,8.5,68.1,2.99,1
Meat,4.8,80.1,1.4,0
Meat,2.8,77.0,0.3,0
Vegetables,7.3,94.2,3.93,1
Fruits,4.3,79.9,4.6,1
Meat,5.7,86.8,3.98,1
Fruits,12.6,78.3,4.27,1
Fruits,12.6,78.3,0.37,1
Eggs,6.0,66.9,3.02,1
Fruits,8.5,87.0,4.52,1
Fruits,7.9,72.3,2.25,0
Eggs,4.0,66.8,2.28,0
Eggs,7.5,52.4,1.52,1
Eggs,5.4,55.0,4.99,1
Vegetables,8.9,92.9,4.32,1
Vegetables,8.8,95.1,4.49,1
Milk,5.4,75.4,4.76,1
Eggs,6.2,62.6,2.8,1
Vegetables,8.3,84.8,0.91,1
Vegetables,9.9,94.9,2.23,1
Milk,8.0,85.6,4.86,1
Vegetables,5.7,88.0,4.55,1
Milk,6.4,82.8,3.46,1
Vegetables,9.0,88.6,0.05,1
Milk,8.5,73.9,3.95,1
Fruits,8.6,78.8,0.74,0
Milk,4.2,79.0,3.71,1
Fruits,4.1,78.4,0.02,0
Vegetables,2.0,88.1,3.89,1
Milk,7.3,65.1,2.43,1
Meat,2.5,78.4,0.2,0
Meat,2.2,82.9,0.86,0
Eggs,8.5,67.6,4.56,1
Vegetables,8.7,87.4,4.55,1
Fruits,12.9,88.7,2.83,1
Milk,3.5,73.2,3.14,1
Fruits,4.3,85.8,3.58,1
Eggs,8.2,56.2,2.57,1
Fruits,13.6,74.9,3.73,1
Meat,7.4,75.6,1.22,1
Milk,7.4,89.7,3.05,1
Vegetables,5.3,84.5,0.57,0
Fruits,14.1,70.9,3.77,1
Milk,8.9,84.6,3.8,1
Meat,0.9,89.1,2.58,1
Eggs,7.4,61.9,4.8,1
Milk,3.5,82.1,0.35,0
Vegetables,9.3,88.4,3.34,1
Meat,3.0,84.8,4.29,1
Eggs,8.8,59.8,2.68,1
Vegetables,6.3,94.7,0.35,1
Fruits,11.7,89.4,4.78,1
Meat,1.4,77.4,1.36,0
Milk,5.4,85.2,3.89,1
Eggs,3.5,58.6,4.51,1
Meat,2.7,86.5,2.36,1
Meat,0.4,81.4,4.97,1
Eggs,9.1,67.1,3.56,1
Milk,6.9,65.3,0.75,0
Vegetables,4.8,95.5,4.69,1
Fruits,9.2,81.4,2.64,1
Milk,4.9,71.5,4.75,1
Milk,9.2,67.5,4.05,1
Meat,2.0,92.4,4.83,1
Meat,7.3,79.2,4.36,1
Vegetables,2.1,86.0,2.93,1
Eggs,5.5,55.2,4.68,1
Milk,3.3,71.7,2.21,0
Vegetables,10.1,86.2,4.61,1
Eggs,8.5,58.8,4.27,1
Meat,2.9,87.0,4.84,1
Vegetables,11.4,85.7,0.26,1
Milk,4.5,66.4,2.08,0
Milk,3.5,73.0,2.69,1
Fruits,14.9,76.3,1.91,1
Meat,1.0,82.7,2.61,1
Milk,5.0,72.8,1.46,0
Vegetables,8.0,84.9,3.31,1
Eggs,9.1,64.2,1.56,1
Milk,9.2,72.3,4.48,1
Fruits,5.9,89.7,1.79,1
Milk,7.0,66.5,3.02,1
Milk,9.7,86.9,2.93,1
Eggs,3.1,56.7,4.68,1
Milk,5.9,71.3,3.32,1
Meat,6.0,80.9,0.36,0
Fruits,4.6,84.9,0.08,0
Milk,9.0,74.3,3.5,1
Vegetables,6.8,86.7,0.29,1
Milk,8.5,69.2,0.43,1
Milk,5.0,68.5,3.78,1
Vegetables,2.3,92.2,4.95,1
Fruits,5.8,74.4,1.85,0
Fruits,5.5,81.1,0.86,0
Eggs,4.9,52.4,2.6,1
Eggs,2.9,61.1,3.94,1
Fruits,5.4,86.6,0.72,1
Vegetables,5.7,82.2,2.29,0
Fruits,14.1,81.7,1.21,1
Vegetables,6.2,84.2,3.64,1
Eggs,6.3,53.1,1.33,0
Meat,7.7,73.6,0.78,1
Eggs,5.0,56.1,2.48,0
Fruits,9.5,80.6,1.15,1
Meat,7.2,79.4,1.51,1
Fruits,10.1,72.4,3.86,1
Vegetables,5.3,95.9,3.64,1
Eggs,9.7,59.1,1.91,1
Milk,8.2,74.5,1.3,1
Eggs,2.9,66.9,2.53,1
Vegetables,11.2,90.9,2.6,1
Eggs,9.1,65.4,4.56,1
Milk,7.6,63.4,0.88,1
Fruits,8.9,76.0,3.76,1
Meat,0.1,82.5,3.79,1
Milk,9.8,67.4,1.24,1
Meat,2.7,92.7,4.6,1
Fruits,11.7,78.8,2.83,1
Fruits,10.3,88.0,0.33,1
Meat,0.2,70.3,3.18,1
Milk,8.8,79.2,1.63,1
Milk,6.3,86.8,4.68,1
Vegetables,7.3,91.2,3.58,1
Eggs,3.9,54.7,3.52,1
Meat,5.0,87.9,0.4,1
Milk,5.9,62.8,2.78,1
Eggs,6.1,69.2,2.7,1
Fruits,7.0,82.1,1.18,0
Eggs,7.6,60.1,1.5,1
Fruits,7.8,88.7,3.09,1
Vegetables,4.1,92.2,4.97,1
Eggs,8.8,52.8,2.77,1
Fruits,11.4,72.9,1.27,1
Eggs,6.6,60.0,2.94,1
Eggs,6.4,64.5,2.79,1
Eggs,8.0,65.7,1.53,1
Meat,5.7,92.4,2.51,1
Fruits,9.0,71.4,0.81,0
Vegetables,7.0,83.6,4.35,1
Fruits,9.8,74.8,1.41,1
Fruits,6.9,75.4,2.94,1
Milk,7.5,81.9,3.41,1
Meat,6.0,93.5,4.53,1
Meat,2.1,74.8,4.75,1
Milk,9.5,77.3,4.85,1
Meat,4.0,75.6,3.1,1
Fruits,14.0,73.9,4.31,1
Milk,3.6,65.9,4.57,1
Vegetables,9.4,93.5,2.74,1
Meat,3.6,89.9,4.07,1
Vegetables,9.1,87.5,2.03,1
Eggs,8.9,68.3,4.89,1
Fruits,5.1,81.1,4.32,1
Meat,5.7,76.4,3.33,1
Eggs,2.9,61.3,3.84,1
Vegetables,3.2,86.5,3.65,1
Meat,3.7,78.7,1.21,0
Eggs,3.6,66.0,1.3,0
Fruits,13.5,76.5,2.68,1
Meat,1.4,93.2,0.88,1
Fruits,10.9,81.7,3.43,1
Fruits,10.6,79.5,3.76,1
Meat,1.1,84.4,2.12,0
Meat,5.8,76.6,2.87,1
Vegetables,4.6,95.8,4.35,1
Meat,4.3,78.5,3.08,1
Vegetables,10.1,86.6,0.17,1
Meat,1.8,94.9,2.96,1
Vegetables,3.8,94.0,4.35,1
Fruits,12.1,79.0,4.94,1
Vegetables,2.6,84.5,0.42,0
Vegetables,2.2,92.4,4.28,1
Fruits,14.8,83.6,0.51,1
Fruits,6.4,77.1,2.93,1
Milk,4.9,63.2,0.75,0
Meat,1.7,93.1,1.97,1
Meat,4.0,73.2,1.09,0
Eggs,5.0,55.4,4.69,1
Eggs,8.9,60.6,2.92,1
Fruits,8.6,73.1,2.36,0
Vegetables,2.7,84.4,2.21,0
Fruits,11.3,71.9,4.11,1
Eggs,2.1,58.5,4.43,1
Fruits,13.4,78.7,1.56,1
Vegetables,5.5,81.4,3.54,1
Eggs,4.1,61.7,0.44,0
Vegetables,3.2,92.0,0.48,1
Milk,4.5,64.5,1.32,0
Meat,6.1,75.4,4.39,1
Fruits,10.6,82.2,1.54,1
Eggs,4.2,51.2,3.2,1
Fruits,9.3,85.2,0.34,1
Milk,7.8,67.2,0.51,1
Vegetables,9.4,83.5,4.88,1
Milk,2.9,89.0,0.61,1
Fruits,5.6,71.6,0.4,0
Fruits,7.6,75.9,2.58,1
Fruits,12.4,82.8,1.19,1
Fruits,13.8,77.1,3.63,1
Vegetables,5.5,88.7,2.22,1
Milk,8.3,84.2,0.77,1
Vegetables,5.0,95.7,3.77,1
Fruits,10.8,77.5,3.09,1
Milk,2.8,79.4,0.56,0
Meat,6.8,73.2,0.6,1
Meat,5.6,84.4,1.78,0
Milk,7.9,67.7,4.53,1
Meat,0.1,79.9,4.71,1
Fruits,13.9,86.5,0.39,1
Meat,1.6,73.3,3.74,1
Meat,7.9,71.6,1.51,1
Fruits,11.0,87.4,2.77,1
Fruits,4.7,75.6,2.56,1
Vegetables,6.9,97.9,3.63,1
Fruits,12.1,76.5,3.13,1
Fruits,6.3,77.1,2.39,0
Eggs,8.8,65.0,2.21,1
Eggs,3.2,52.6,3.16,1
Vegetables,4.3,91.3,4.75,1
Fruits,9.0,75.7,4.49,1
Eggs,3.9,56.1,4.11,1
Milk,9.3,80.8,0.5,1
Vegetables,10.8,97.5,2.39,1
Fruits,9.9,86.6,0.09,1
Meat,6.1,91.1,2.11,1
Eggs,4.3,56.6,0.69,0
Milk,2.6,60.9,1.78,0
Eggs,9.5,67.5,2.31,1
Meat,4.4,84.0,2.31,0
Eggs,4.3,62.4,3.25,1
Fruits,11.0,72.3,0.43,1
Fruits,10.7,74.4,2.35,1
Eggs,5.0,54.8,1.46,0
Eggs,5.5,54.2,4.93,1
Vegetables,8.0,97.0,1.01,1
Milk,6.7,85.6,4.28,1
Vegetables,6.6,89.5,4.67,1
Eggs,5.1,52.1,4.78,1
Milk,2.1,72.4,2.69,1
Eggs,7.6,61.3,3.62,1
Fruits,5.9,75.2,1.21,0
Milk,9.9,82.8,1.01,1
Eggs,5.0,68.2,2.35,0
Fruits,6.5,81.1,3.82,1
Vegetables,3.1,90.6,3.81,1
Milk,7.9,66.5,4.06,1
Meat,7.0,82.1,0.9,1
Eggs,3.8,60.8,4.76,1
Fruits,8.2,70.0,3.83,1
Vegetables,10.0,91.1,3.03,1
Eggs,7.7,53.4,1.48,1
Eggs,2.7,68.3,4.08,1
Milk,7.2,63.1,4.97,1
Vegetables,9.1,82.2,2.87,1
Milk,4.2,79.6,1.96,0
Fruits,7.2,76.4,2.17,0
Meat,3.7,79.3,1.64,0
Meat,6.1,77.6,0.68,1
Vegetables,5.3,96.3,2.98,1
Vegetables,6.5,82.3,0.47,0
Meat,1.1,79.5,2.14,0
Eggs,9.6,55.6,0.85,1
Vegetables,7.9,95.4,0.63,1
Vegetables,3.2,93.2,4.7,1
Eggs,3.8,51.0,4.21,1
Fruits,4.3,80.9,0.73,0
Vegetables,6.1,82.5,2.74,1
Fruits,7.5,76.0,4.91,1
Milk,3.6,86.5,1.89,1
Fruits,14.3,73.4,1.18,1
Fruits,6.2,89.7,0.15,1
Milk,9.6,67.1,1.89,1
Meat,2.1,93.8,4.06,1
Eggs,9.2,66.3,2.48,1
Milk,2.5,60.4,3.01,1
Meat,3.9,90.1,1.0,1
Meat,2.8,79.9,0.92,0
Fruits,12.9,85.0,4.64,1
Eggs,8.0,55.4,4.35,1
Eggs,3.0,61.6,3.08,1
Eggs,3.1,67.6,2.14,0
Fruits,10.7,88.7,0.6,1
Eggs,9.3,68.1,1.77,1
Vegetables,10.1,96.9,3.71,1
Meat,6.8,89.4,2.64,1
Fruits,8.2,89.0,0.2,1
Meat,3.0,94.9,4.88,1
Fruits,9.1,75.7,3.07,1
Fruits,5.3,74.1,3.04,1
Milk,2.6,72.7,4.59,1
Vegetables,3.5,96.8,4.87,1
Fruits,4.1,89.1,4.71,1
Vegetables,5.2,88.7,0.77,1
Meat,2.7,87.6,4.96,1
Vegetables,6.9,94.8,4.01,1
Vegetables,5.1,82.2,4.48,1
Fruits,9.1,79.7,0.03,1
Fruits,14.8,82.8,4.98,1
Meat,0.8,83.2,3.57,1
Milk,8.1,75.7,4.05,1
Vegetables,8.0,95.0,3.53,1
Vegetables,3.6,81.0,1.72,0
Milk,3.3,87.9,1.41,1
Vegetables,5.4,87.2,4.04,1
Meat,3.3,79.3,1.48,0
Meat,3.4,75.8,0.01,0
Meat,0.3,73.9,2.39,0
Eggs,6.8,64.4,0.54,0
Milk,7.9,89.2,0.21,1
Meat,4.5,85.8,1.94,1
Milk,4.8,76.0,2.14,0
Fruits,4.8,84.0,1.25,0
Meat,4.5,70.8,3.58,1
Fruits,12.5,75.0,0.35,1
Milk,8.1,88.2,1.13,1
Vegetables,10.2,96.3,1.17,1
Eggs,4.3,60.9,2.11,0
Fruits,12.5,84.3,2.45,1
Meat,3.9,91.4,2.46,1
Eggs,2.4,68.3,0.28,0
Meat,1.2,81.0,0.5,0
Meat,1.2,82.8,3.58,1
Meat,7.7,92.2,4.44,1
Vegetables,11.9,93.1,4.79,1
Meat,6.9,94.2,2.69,1
Meat,1.8,94.8,0.07,1
Meat,0.4,84.4,0.82,0
Vegetables,9.8,90.8,4.0,1
Meat,7.6,83.7,2.25,1
Meat,3.7,82.6,3.41,1
Milk,7.3,76.4,1.15,1
Eggs,7.1,57.0,1.46,1
Meat,6.9,81.6,2.91,1
Vegetables,6.6,91.2,1.78,1
Vegetables,3.3,88.9,0.95,1
Milk,6.0,85.5,1.36,1
Fruits,7.7,82.2,0.66,0
Meat,3.2,87.1,1.44,1
Meat,2.1,93.3,3.78,1
Eggs,7.7,64.4,2.1,1
Meat,4.5,88.6,0.92,1
Eggs,5.5,57.0,2.17,0
Meat,3.2,77.0,1.3,0
Fruits,10.2,72.7,0.03,1
Eggs,7.3,52.5,1.2,1
Fruits,6.1,86.9,0.34,1
Fruits,12.4,77.3,1.98,1
Fruits,14.0,79.4,5.0,1
Meat,6.0,74.1,4.05,1
Fruits,10.5,73.6,1.03,1
Eggs,5.2,56.0,3.26,1
Milk,4.0,65.6,4.45,1
Fruits,6.0,72.8,0.17,0
Vegetables,3.4,83.6,4.48,1
Vegetables,8.8,84.0,0.73,1
Fruits,7.2,84.3,0.83,0
Vegetables,7.3,81.6,1.68,0
Fruits,9.3,84.7,4.59,1
Vegetables,12.0,95.5,2.94,1
Fruits,7.3,89.4,2.28,1
Eggs,3.0,53.8,1.16,0
Milk,5.0,69.4,4.56,1
Fruits,6.2,83.4,3.04,1
Fruits,13.7,79.3,4.47,1
Milk,9.0,71.1,1.15,1
Fruits,8.0,77.6,3.63,1
Eggs,3.5,57.7,4.78,1
Meat,0.1,79.1,1.06,0
Meat,3.5,92.5,0.0,1
Eggs,8.3,61.1,4.96,1
Milk,4.5,77.0,0.32,0
Eggs,7.0,67.2,4.82,1
Eggs,6.5,55.7,0.26,0
Milk,3.3,82.4,4.79,1
Fruits,7.7,83.1,2.97,1
Meat,1.7,87.3,3.63,1
Vegetables,7.5,89.7,2.03,1
Meat,7.2,77.0,1.94,1
Vegetables,2.4,84.1,1.72,0
Meat,7.2,84.4,3.54,1
Vegetables,9.3,92.6,1.27,1
Vegetables,7.3,82.5,0.48,0
Vegetables,8.1,86.2,1.77,1
Meat,6.9,86.0,1.1,1
Eggs,9.5,67.8,0.42,1
Milk,4.6,75.5,0.56,0
Vegetables,8.7,82.8,0.08,1
Vegetables,3.5,90.7,1.36,1
Fruits,7.6,72.7,3.14,1
Fruits,10.2,81.3,4.57,1
Meat,5.2,82.6,2.34,0
Vegetables,11.0,80.6,4.47,1
Vegetables,8.0,89.6,4.65,1
Meat,1.6,81.7,4.45,1
Fruits,11.3,74.7,2.6,1
Meat,4.5,80.7,0.95,0
Meat,6.3,89.0,4.62,1
Eggs,9.2,63.3,1.59,1
Vegetables,3.3,86.3,0.98,1
Vegetables,4.6,97.5,4.83,1
Vegetables,7.7,88.9,1.5,1
Vegetables,11.9,95.3,2.76,1
Eggs,2.9,55.4,0.84,0
Milk,9.9,83.4,4.28,1
Meat,2.2,77.7,1.3,0
Meat,2.0,93.5,4.64,1
Vegetables,8.7,83.9,1.79,1
Milk,3.8,83.1,3.49,1
Milk,7.8,82.6,0.41,1
Vegetables,7.5,97.8,4.2,1
Meat,6.0,73.5,2.78,1
Fruits,10.3,80.1,4.36,1
Milk,3.8,86.8,4.64,1
Meat,0.6,70.5,4.11,1
Fruits,10.8,74.9,4.19,1
Fruits,9.0,73.6,4.87,1
Meat,3.9,79.2,2.64,1
Fruits,14.5,75.4,1.38,1
Meat,4.0,76.9,4.84,1
Fruits,7.4,88.1,2.68,1
Vegetables,2.8,90.3,2.7,1
Fruits,12.9,84.4,4.94,1
Vegetables,8.2,81.1,3.02,1
Meat,4.4,73.3,3.91,1
Vegetables,5.5,86.5,4.06,1
Fruits,13.7,71.2,4.29,1
Eggs,9.6,67.9,1.97,1
Meat,3.9,76.4,2.11,0
Meat,0.9,82.0,4.93,1
Milk,3.1,81.4,0.26,0
Milk,7.6,83.1,1.3,1
Milk,2.5,79.9,3.08,1
Fruits,10.0,87.0,3.76,1
Meat,4.3,83.3,0.36,0
Eggs,5.3,56.2,0.13,0
Fruits,14.9,83.5,0.18,1
Milk,8.2,69.1,1.44,1
Meat,7.0,92.2,1.35,1
Fruits,14.9,74.9,1.92,1
Vegetables,11.7,91.4,3.48,1
Milk,5.6,80.6,3.27,1
Meat,3.7,71.4,2.11,0
Eggs,4.7,53.1,4.52,1
Eggs,3.1,62.3,2.53,1
Eggs,4.6,52.6,0.64,0
Vegetables,6.7,92.2,4.86,1
Milk,3.5,62.1,1.89,0
Meat,7.3,84.4,1.92,1
Fruits,10.0,81.9,4.79,1
Meat,0.4,87.2,2.39,1
Meat,3.7,92.7,0.01,1
Vegetables,10.8,89.6,3.44,1
Fruits,10.0,89.2,4.76,1
Eggs,5.8,69.0,4.65,1
Eggs,6.9,59.9,0.68,0
Eggs,7.3,66.0,2.0,1
Eggs,4.9,50.0,0.46,0
Vegetables,6.2,83.1,0.26,0
Vegetables,2.6,84.8,4.58,1
Vegetables,6.7,92.2,1.26,1
Vegetables,3.7,80.3,0.95,0
Meat,7.5,90.5,1.22,1
Eggs,8.1,64.3,3.25,1
Meat,5.8,94.3,2.62,1
Milk,9.3,64.5,2.49,1
Eggs,9.3,57.7,1.66,1
Eggs,8.1,61.4,2.16,1
Vegetables,11.6,95.7,1.68,1
Eggs,4.8,66.5,4.9,1
Meat,6.5,73.2,1.98,1
Fruits,6.0,89.7,4.71,1
Meat,0.9,79.7,4.8,1
Eggs,9.7,52.7,0.62,1
Meat,4.6,80.5,2.88,1
Meat,2.2,71.5,3.0,1
Vegetables,8.0,80.8,1.6,0
Meat,5.7,93.7,0.31,1
Fruits,14.8,75.6,0.32,1
Vegetables,4.4,89.4,0.08,1
Meat,4.2,84.2,0.0,0
Eggs,8.5,59.9,0.23,1
Eggs,4.7,69.2,1.05,0
Meat,6.6,70.2,1.7,1
Vegetables,3.4,89.4,3.25,1
Fruits,13.7,71.4,3.96,1
Milk,5.6,89.6,2.69,1
Eggs,3.3,55.3,3.81,1
Eggs,3.7,67.7,3.83,1
Vegetables,11.6,81.2,2.29,1
Fruits,7.0,88.5,4.55,1
Vegetables,6.0,85.4,2.9,1
Milk,3.9,89.6,3.45,1
Fruits,6.1,80.3,0.38,0
Eggs,8.3,62.3,2.05,1
Fruits,9.2,88.7,3.83,1
Milk,5.0,89.8,4.35,1
Vegetables,10.9,83.6,2.36,1
Milk,5.3,68.5,3.23,1
Vegetables,3.4,93.0,1.67,1
Eggs,8.0,59.9,1.03,1
Meat,0.3,89.1,0.74,1
Vegetables,4.7,88.3,0.62,1
Milk,4.5,70.5,1.24,0
Milk,8.4,87.7,4.51,1
Milk,9.1,78.3,0.24,1
Eggs,2.6,66.5,0.63,0
Meat,5.0,76.4,1.52,0
Eggs,6.7,57.7,1.04,0
Milk,2.1,62.4,3.0,1
Vegetables,6.4,81.8,3.18,1
Milk,2.3,85.8,4.95,1
Milk,3.4,80.4,2.45,0
Eggs,7.2,67.0,2.61,1
Meat,7.4,80.6,1.84,1
Eggs,6.0,58.0,4.12,1
Meat,3.8,72.3,2.41,0
Eggs,9.8,62.6,0.99,1
Vegetables,7.6,83.0,0.64,0
Eggs,9.1,68.5,4.79,1
Vegetables,2.9,81.7,4.44,1
Fruits,8.2,71.2,1.98,0
Milk,4.6,85.4,5.0,1
Milk,3.8,75.3,1.86,0
Fruits,10.6,79.2,4.14,1
Vegetables,11.2,85.2,0.64,1
Fruits,5.1,87.4,2.35,1
Fruits,14.5,83.2,3.35,1
Eggs,7.7,57.5,0.7,1
Vegetables,5.7,81.7,2.49,0
Milk,2.2,64.5,1.89,0
Eggs,9.8,63.3,0.37,1
Eggs,6.0,55.0,2.89,1
Fruits,8.9,79.6,0.14,0
Vegetables,10.4,94.0,0.31,1
Meat,1.4,80.6,2.12,0
Fruits,7.7,83.0,2.67,1
Eggs,3.0,63.0,2.76,1
Vegetables,5.6,89.9,3.32,1
Fruits,13.8,89.7,1.12,1
Meat,6.6,95.0,4.01,1
Fruits,13.9,89.5,0.75,1
Vegetables,2.4,84.9,1.43,0
Milk,4.1,72.5,3.27,1
Fruits,12.0,72.8,4.21,1
Vegetables,6.8,95.8,0.98,1
Vegetables,9.2,86.8,1.32,1
Fruits,4.1,85.4,1.35,1
Milk,5.2,71.7,3.07,1
Meat,6.8,81.1,4.87,1
Meat,0.8,86.4,3.68,1
Eggs,8.2,67.2,3.88,1
Vegetables,11.1,84.1,4.71,1
Milk,7.2,72.6,2.0,1
Milk,9.0,61.2,4.47,1
Eggs,9.3,52.6,3.06,1
Meat,3.1,89.8,4.21,1
Vegetables,2.1,97.4,0.87,1
Milk,7.9,72.0,0.31,1
Milk,2.2,73.7,3.64,1
Fruits,11.1,74.7,3.58,1
Milk,6.7,65.7,2.85,1
Vegetables,11.6,90.5,2.66,1
Eggs,6.6,58.3,3.02,1
Eggs,6.0,61.6,4.22,1
Milk,4.1,67.5,2.97,1
Vegetables,4.4,93.0,3.65,1
Meat,4.5,92.9,2.81,1
Vegetables,5.6,84.2,0.88,0
Vegetables,5.9,94.4,2.63,1
Meat,6.8,94.0,4.12,1
Meat,3.8,71.0,1.78,0
Milk,6.7,81.2,4.25,1
Fruits,13.1,85.6,4.74,1
Milk,9.1,82.9,1.58,1
Milk,7.5,77.5,0.81,1
Vegetables,4.4,94.1,3.92,1
Milk,8.8,62.2,0.96,1
Fruits,9.8,89.5,0.63,1
Fruits,8.0,75.6,2.78,1
Fruits,12.2,71.1,1.56,1
Milk,9.1,62.0,0.75,1
Fruits,14.9,87.6,3.24,1
Meat,7.5,73.0,4.27,1
Milk,8.3,68.2,0.45,1
Vegetables,8.1,80.7,2.05,1
Fruits,12.2,74.2,1.29,1
Meat,4.9,78.1,1.22,0
Eggs,2.3,68.7,2.46,0
Eggs,4.4,69.9,0.43,0
Fruits,6.1,86.5,0.28,1
Meat,3.5,80.8,3.23,1
Fruits,5.4,76.0,4.66,1
Vegetables,8.3,92.6,1.71,1
Milk,3.3,68.2,0.16,0
Vegetables,11.6,89.0,0.15,1
Meat,3.7,88.2,0.13,1
Fruits,14.9,75.4,2.07,1
Vegetables,4.1,85.0,3.36,1
Milk,8.7,84.1,2.12,1
Eggs,10.0,63.0,4.38,1
Meat,6.7,78.2,4.59,1
Vegetables,10.0,92.5,4.6,1
Meat,3.4,94.2,0.2,1
Meat,4.5,80.9,4.0,1
Meat,7.2,93.3,0.96,1
Milk,6.6,81.1,4.08,1
Fruits,10.9,82.0,2.07,1
Eggs,4.0,66.1,4.33,1
Milk,7.6,61.9,2.08,1
Meat,2.8,83.1,2.74,1
Milk,5.1,60.8,0.5,0
Vegetables,5.3,84.3,0.6,0
Fruits,11.2,80.4,2.58,1
Meat,3.7,73.8,0.32,0
Milk,2.5,83.3,3.85,1
Eggs,6.3,56.5,2.23,0
Fruits,14.2,81.3,4.04,1
Meat,4.0,89.8,2.94,1
Eggs,9.2,51.4,3.03,1
Eggs,7.4,68.0,0.34,1
Meat,2.6,82.3,0.86,0
Meat,7.8,79.9,2.49,1
Milk,6.3,77.2,3.0,1
Eggs,8.7,50.9,0.57,1
Vegetables,8.4,96.3,4.28,1
Milk,8.5,60.3,4.19,1
Meat,5.7,73.6,3.59,1
Meat,5.9,87.7,0.9,1
Milk,2.9,63.2,2.11,0
Milk,8.0,64.7,4.41,1
Vegetables,8.8,91.6,4.64,1
Eggs,7.7,50.8,2.4,1
Meat,3.2,73.7,1.18,0
Meat,4.4,94.9,4.41,1
Vegetables,10.5,88.9,0.55,1
Eggs,2.6,62.2,3.05,1
Eggs,8.2,65.5,2.2,1
Eggs,8.3,67.3,4.67,1
Meat,7.6,93.2,0.06,1
Eggs,9.0,55.1,1.85,1
Meat,5.0,73.7,0.89,0
Milk,9.1,67.2,4.75,1
Fruits,7.7,71.5,4.48,1
Fruits,7.5,74.5,2.8,1
Eggs,4.0,60.1,0.61,0
Vegetables,7.3,82.5,2.08,0
Milk,5.2,62.2,1.2,0
Meat,0.3,77.3,3.59,1
Meat,4.4,92.6,2.28,1
Milk,7.9,78.7,3.46,1
Milk,5.5,65.6,0.19,0
Meat,2.8,72.5,0.9,0
Eggs,4.6,52.1,3.75,1
Meat,7.5,78.9,2.57,1
Meat,6.2,92.6,0.38,1
Eggs,4.2,62.5,3.2,1
Meat,2.6,89.9,3.22,1
Fruits,14.4,75.8,2.26,1
Eggs,6.4,52.6,4.44,1
Fruits,13.6,78.9,0.84,1
Meat,3.5,88.9,4.16,1
Milk,7.6,74.0,0.51,1
Eggs,8.6,51.8,2.98,1
Milk,8.5,80.1,0.31,1
Fruits,11.1,78.1,2.17,1
Vegetables,6.5,89.0,0.69,1
Milk,4.6,65.2,2.38,0
Meat,6.7,79.7,1.41,1
Milk,2.3,70.3,1.64,0
Vegetables,5.5,93.2,2.09,1
Milk,3.7,67.4,1.36,0
Meat,7.3,72.1,1.42,1
Vegetables,6.3,84.0,2.55,1
Milk,7.9,82.2,2.0,1
Meat,2.7,79.5,3.6,1
Meat,1.7,81.6,4.49,1
Milk,2.6,65.3,3.83,1
Vegetables,6.9,87.1,3.6,1
Vegetables,8.4,85.2,1.0,1
Milk,8.9,69.8,3.06,1
Eggs,3.5,69.8,2.17,0
Milk,6.7,79.3,4.75,1
Meat,5.6,72.7,3.04,1
Meat,0.2,94.9,4.8,1
Meat,2.1,74.4,0.89,0
Milk,4.3,61.1,0.11,0
Eggs,3.6,65.1,0.81,0
Milk,9.1,61.8,1.11,1
Eggs,2.1,51.4,0.35,0
Fruits,6.2,84.1,0.11,0
Eggs,7.9,63.8,0.93,1
Milk,5.9,71.6,3.16,1
Eggs,5.3,51.3,4.94,1
Fruits,10.3,88.3,0.94,1
Vegetables,4.1,80.9,3.12,1
Eggs,9.4,69.6,3.95,1
Fruits,14.6,88.5,0.36,1
Fruits,10.3,73.9,4.45,1
Vegetables,10.1,93.7,0.62,1
Milk,3.2,72.0,1.1,0
Meat,1.7,89.0,2.82,1
Eggs,5.5,62.7,4.28,1
Vegetables,7.2,88.1,0.53,1
Vegetables,3.2,81.1,2.58,1
Vegetables,3.6,87.0,4.53,1
Fruits,6.1,82.7,3.04,1
Milk,8.6,75.9,3.52,1
Milk,6.8,68.6,1.52,0
Meat,5.0,83.3,2.81,1
Eggs,8.8,61.0,4.09,1
Fruits,9.8,80.0,0.32,1
Milk,9.6,81.7,4.0,1
Milk,5.1,82.1,4.63,1
Vegetables,7.3,87.6,3.27,1
Fruits,11.3,74.0,2.77,1
Meat,5.1,84.5,3.78,1
Fruits,11.3,75.7,4.0,1
Fruits,14.1,81.8,0.3,1
Meat,4.1,71.1,0.6,0
Eggs,8.3,58.7,0.19,1
Fruits,11.9,78.6,1.42,1
Eggs,4.0,60.7,2.96,1
Eggs,7.5,69.9,4.02,1
Vegetables,4.0,90.0,4.77,1
Vegetables,3.8,95.2,1.92,1
Milk,4.6,81.5,0.66,0
Milk,3.4,89.8,1.47,1
Eggs,7.7,59.9,4.25,1
Eggs,5.1,64.2,1.55,0
Vegetables,10.6,90.1,1.31,1
Milk,9.1,65.4,4.52,1
Vegetables,7.0,84.2,4.31,1
Fruits,10.6,89.3,2.92,1
Milk,7.3,83.8,1.57,1
Fruits,4.4,80.8,4.89,1
Vegetables,6.8,84.7,3.79,1
Milk,6.3,60.8,0.27,0
Fruits,6.5,78.7,4.57,1
Milk,8.6,88.5,0.62,1
Milk,9.9,60.6,1.46,1
Vegetables,8.1,80.4,3.98,1
Milk,2.8,85.1,0.3,1
Meat,7.9,83.7,2.73,1
Fruits,6.6,84.6,3.56,1
Eggs,6.5,66.1,1.71,0
Milk,6.7,64.2,1.27,0
Vegetables,7.3,94.7,0.36,1
Meat,3.4,74.8,2.33,0
Meat,3.4,88.9,2.32,1
Fruits,12.2,74.2,0.46,1
Meat,2.7,74.1,1.29,0
Vegetables,3.1,87.3,0.6,1
Milk,4.1,68.1,1.87,0
Meat,2.9,76.0,1.21,0
Meat,0.2,78.3,3.61,1
Meat,8.0,83.5,0.84,1
Meat,4.3,86.7,0.82,1
Milk,6.8,81.5,3.89,1
Vegetables,8.2,93.3,0.74,1
Meat,1.9,78.9,1.04,0
Fruits,13.2,85.8,0.77,1
Meat,3.4,86.4,4.74,1
Vegetables,11.3,94.4,0.51,1
Eggs,7.1,55.9,3.32,1
Eggs,6.6,52.9,3.28,1
Fruits,13.3,78.1,2.55,1
Eggs,7.8,65.2,1.05,1
Eggs,4.3,65.3,3.08,1
Vegetables,7.3,85.9,1.89,1
Fruits,5.1,85.7,0.81,1
Vegetables,6.6,82.2,3.59,1
Meat,6.6,77.6,1.41,1
Fruits,10.0,82.3,2.04,1
Meat,6.5,92.6,4.64,1
Vegetables,5.4,85.1,3.03,1
Meat,1.3,82.5,2.55,1
Fruits,8.3,76.2,1.34,0
Vegetables,11.7,86.0,4.17,1
Meat,5.2,91.0,1.08,1
Fruits,9.8,82.0,2.79,1
Vegetables,6.7,80.7,4.91,1
Eggs,7.6,51.8,3.26,1
Milk,7.2,61.1,1.55,1
Milk,9.0,79.0,4.95,1
Fruits,10.0,75.0,1.42,1
Eggs,9.8,69.3,0.34,1
Eggs,3.0,55.5,1.66,0
Meat,5.2,72.1,1.47,0
Meat,3.7,78.5,1.9,0
Milk,5.5,88.4,3.21,1
Meat,5.8,78.5,3.17,1
Fruits,12.3,86.1,3.63,1
Eggs,3.6,68.0,2.18,0
Vegetables,2.7,88.5,4.66,1
Milk,8.2,80.8,1.91,1
Vegetables,2.5,91.4,3.51,1
Eggs,2.7,61.9,2.58,1
Vegetables,6.8,97.7,3.45,1
Milk,4.8,86.6,3.52,1
Meat,2.4,73.8,1.03,0
Vegetables,4.0,89.7,0.37,1
Vegetables,10.7,85.7,4.57,1
Meat,7.3,70.6,1.22,1
Vegetables,6.3,96.8,2.99,1
Milk,9.2,79.9,4.3,1
Fruits,6.3,72.5,4.34,1
Milk,8.7,72.6,3.21,1
Milk,2.6,78.5,0.9,0
Eggs,9.9,57.1,1.45,1
Fruits,12.3,88.2,0.77,1
Milk,2.2,69.6,4.66,1
Meat,0.9,89.9,0.02,1
Meat,6.4,70.8,4.28,1
Eggs,8.2,54.0,0.81,1
Eggs,5.9,54.7,1.18,0
Eggs,8.5,61.3,3.68,1
Milk,6.5,65.5,2.78,1
Vegetables,11.8,94.9,1.49,1
Meat,7.6,91.8,3.54,1
Fruits,6.9,89.4,4.99,1
Eggs,7.3,65.9,4.15,1
Meat,6.5,94.6,0.97,1
Fruits,13.0,78.8,3.35,1
Eggs,2.3,57.5,3.54,1
Milk,2.8,60.3,2.11,0
Milk,4.5,85.8,2.5,1
Milk,4.2,82.8,0.45,0
Eggs,9.8,54.8,4.79,1
Eggs,4.0,56.9,3.68,1
Meat,7.4,75.0,3.63,1
Eggs,4.6,64.4,3.96,1
Vegetables,4.9,91.1,2.78,1
Fruits,7.6,89.2,3.67,1
Vegetables,4.3,95.6,1.35,1
Milk,2.8,88.3,3.35,1
Vegetables,8.2,81.2,3.07,1
Meat,0.4,73.2,4.15,1
Vegetables,7.2,88.4,0.21,1
Milk,5.5,88.5,0.51,1
Milk,3.6,65.1,4.28,1
Eggs,8.5,53.4,0.38,1
Milk,5.6,80.3,2.03,0
Eggs,3.7,64.1,3.34,1
Eggs,5.0,63.1,0.55,0
Vegetables,2.6,98.0,1.52,1
Eggs,6.1,58.4,1.84,0
Eggs,7.6,62.2,2.77,1
Vegetables,7.6,91.0,2.14,1
Fruits,8.6,78.2,0.96,0
Fruits,13.9,73.5,1.81,1
Milk,8.8,80.7,1.08,1
Fruits,12.8,87.7,3.37,1
Vegetables,6.5,86.7,0.38,1
Milk,2.7,76.5,3.02,1
Milk,9.9,85.1,3.69,1
Meat,3.1,71.5,0.34,0
Fruits,12.1,73.0,4.86,1
Fruits,6.8,74.0,1.41,0
Milk,9.7,69.0,2.43,1
Meat,7.2,92.2,1.24,1
Meat,2.9,70.0,1.96,0
Vegetables,3.1,95.0,1.81,1
Milk,7.0,75.5,1.83,0
Meat,4.4,86.0,1.1,1
Vegetables,2.6,96.5,1.74,1
Eggs,5.8,65.5,0.17,0
Fruits,13.3,85.1,3.38,1
Milk,7.3,73.9,1.95,1
Fruits,5.1,71.5,4.88,1
Eggs,6.7,51.9,1.27,0
Meat,5.7,84.9,4.18,1
Meat,3.8,87.7,0.53,1
Milk,2.5,64.9,3.71,1
Fruits,7.0,84.5,3.3,1
Meat,4.4,78.7,3.97,1
Vegetables,2.3,88.1,2.82,1
Eggs,9.1,59.8,2.17,1
Vegetables,6.5,89.9,4.25,1
Milk,4.0,80.0,2.81,1
Milk,8.7,84.6,4.18,1
Milk,9.6,71.7,2.75,1
Milk,5.4,63.2,2.42,0
Vegetables,11.3,93.9,2.81,1
Fruits,9.7,77.9,4.02,1
Eggs,6.9,51.9,0.78,0
Vegetables,6.7,82.2,3.97,1
Eggs,8.3,60.2,4.97,1
Eggs,9.1,57.2,0.85,1
Vegetables,6.6,95.9,4.63,1
Milk,4.8,74.9,4.38,1
Vegetables,8.6,96.3,2.99,1
Meat,1.6,92.8,3.04,1
Eggs,5.5,67.5,4.75,1
Eggs,3.9,51.3,2.23,0
Eggs,6.7,59.4,2.8,1
Eggs,6.4,66.7,1.55,0
Milk,7.6,65.8,0.64,1
Eggs,7.4,64.9,1.7,1
Milk,4.9,89.0,1.5,1
Meat,0.1,90.3,1.63,1
Milk,5.4,62.0,3.79,1
Meat,7.1,70.1,1.15,1
Fruits,6.2,70.0,4.28,1
Vegetables,4.0,93.2,0.51,1
Milk,3.2,88.4,0.22,1
Eggs,9.5,62.0,3.01,1
Meat,4.5,92.3,2.13,1
Fruits,12.3,89.5,4.26,1
Eggs,6.6,57.1,4.83,1
Eggs,6.0,65.9,1.34,0
Eggs,5.3,69.4,2.13,0
Meat,4.9,82.5,1.23,0
Vegetables,2.6,95.6,3.12,1
Meat,1.3,84.6,1.82,0
Fruits,11.2,70.7,3.94,1
Milk,9.0,70.7,0.18,1
Vegetables,10.1,82.9,2.83,1
Eggs,2.7,58.6,2.02,0
Milk,8.1,87.5,0.77,1
Eggs,5.0,52.7,0.04,0
Eggs,7.1,51.8,4.77,1
Vegetables,3.1,80.7,2.61,1
Vegetables,9.9,81.6,4.27,1
Milk,8.8,64.6,0.99,1
Vegetables,3.2,97.3,3.51,1
Eggs,6.2,59.1,0.96,0
Eggs,8.9,55.5,1.29,1
Fruits,12.4,74.2,4.34,1
Eggs,8.4,57.3,4.88,1
Eggs,6.3,55.5,2.34,0
Eggs,9.9,57.7,4.9,1
Fruits,14.6,79.5,4.2,1
Vegetables,10.6,87.5,2.23,1
Milk,4.9,80.0,4.54,1
Fruits,9.3,83.5,4.91,1
Milk,8.7,81.7,2.02,1
Vegetables,8.6,94.0,0.88,1
Milk,4.8,64.6,4.66,1
Eggs,2.5,68.5,1.71,0
Eggs,4.7,57.6,0.65,0
Vegetables,2.8,91.3,1.08,1
Eggs,5.3,52.5,4.19,1
Fruits,7.9,73.1,3.53,1
Vegetables,10.0,90.5,4.13,1
Vegetables,7.7,88.6,1.92,1
Fruits,14.3,72.3,3.39,1
Eggs,9.9,53.5,0.9,1
Meat,4.3,79.6,1.21,0
Fruits,4.7,87.9,3.77,1
Fruits,10.0,77.7,1.0,1
Eggs,9.5,58.2,4.1,1
Meat,3.7,88.2,3.04,1
Eggs,7.8,50.3,3.21,1
Eggs,5.7,58.2,4.12,1
Fruits,7.0,88.6,1.37,1
Vegetables,9.1,89.8,1.49,1
Vegetables,6.5,80.1,4.96,1
Fruits,10.9,70.1,0.71,1
Milk,8.0,73.0,0.65,1
Milk,5.1,78.8,2.74,1
Meat,2.6,75.0,1.07,0
Meat,5.9,87.3,1.6,1
Meat,5.0,87.4,3.36,1
Fruits,5.7,72.9,3.09,1
Eggs,8.5,55.9,0.38,1
Meat,5.8,75.2,0.12,0
Eggs,3.7,52.8,4.87,1
Milk,3.0,65.6,1.93,0
Vegetables,3.7,88.0,3.4,1
Fruits,7.6,89.7,0.46,1
Vegetables,3.7,80.4,4.07,1
Vegetables,6.1,94.0,3.13,1
Milk,3.5,84.6,3.03,1
Vegetables,7.6,87.6,1.25,1
Fruits,5.4,75.0,0.05,0
Meat,1.9,91.8,1.07,1
Vegetables,9.3,80.4,1.38,1
Eggs,6.1,66.1,2.3,0
Meat,2.5,71.8,3.02,1
Milk,4.8,71.9,3.01,1
Fruits,13.4,81.1,2.51,1
Milk,3.5,80.8,1.08,0
Meat,4.1,85.8,4.95,1
Meat,5.2,87.8,4.46,1
Meat,5.0,83.9,0.02,0
Meat,0.3,74.5,4.85,1
Fruits,6.3,76.4,0.91,0
Milk,3.6,81.3,4.37,1
Milk,9.9,61.5,2.76,1
Eggs,4.4,60.6,2.7,1
Eggs,5.7,65.8,0.07,0
Vegetables,9.3,91.7,4.9,1
Fruits,9.4,77.7,2.76,1
Eggs,6.4,59.9,0.39,0
Vegetables,6.4,95.0,2.64,1
Vegetables,2.8,81.0,3.85,1
Meat,4.2,93.2,2.63,1
Eggs,5.8,63.1,0.59,0
Meat,1.0,86.1,4.23,1
Meat,6.7,73.1,2.07,1
Meat,3.6,73.3,4.45,1
Vegetables,5.8,87.8,2.51,1
Eggs,2.2,65.3,0.5,0
Eggs,7.2,50.6,2.9,1
Fruits,9.6,88.8,3.23,1
Vegetables,8.2,90.2,2.09,1
Eggs,4.1,65.8,0.78,0
Eggs,4.6,66.4,4.79,1
Eggs,4.9,67.5,4.1,1
Fruits,6.1,83.4,2.72,1
Meat,3.6,72.5,1.51,0
Vegetables,2.5,92.3,2.47,1
Vegetables,9.7,97.1,2.16,1
Milk,9.7,61.0,0.07,1
Milk,7.8,82.6,2.95,1
Fruits,10.5,88.5,3.38,1
Eggs,6.3,52.8,3.15,1
Meat,5.8,94.5,4.2,1
Milk,6.9,69.2,3.72,1
Meat,3.4,73.7,3.18,1
Milk,2.5,74.8,4.29,1
Meat,0.7,90.8,2.99,1
Vegetables,9.5,89.6,3.33,1
Milk,4.2,65.9,3.2,1
Fruits,8.3,78.0,3.2,1
Eggs,7.0,55.2,1.12,0
Eggs,3.2,57.9,2.54,1
Fruits,7.1,85.7,1.13,1
Eggs,8.1,59.5,4.38,1
Fruits,12.5,89.2,0.35,1
Meat,3.2,82.4,0.83,0
Vegetables,11.6,91.3,1.73,1
Milk,6.4,86.0,0.58,1
Eggs,3.6,57.4,3.29,1
Vegetables,3.1,91.6,1.66,1
Fruits,9.6,79.8,2.59,1
Vegetables,3.3,85.5,4.07,1
Vegetables,10.2,81.7,0.7,1
Eggs,3.4,55.8,0.7,0
Vegetables,2.3,89.5,4.08,1
Milk,4.1,68.7,0.04,0
Milk,7.2,83.0,2.7,1
Milk,8.8,89.4,0.93,1
Vegetables,6.8,93.9,4.28,1
Eggs,7.8,52.9,0.49,1
Vegetables,10.4,90.3,3.1,1
Vegetables,5.3,87.4,3.71,1
Meat,3.7,70.9,3.92,1
Eggs,9.9,52.0,0.76,1
Fruits,12.4,89.1,2.6,1
Vegetables,5.9,82.7,3.88,1
Milk,8.1,72.0,3.28,1
Vegetables,6.7,84.3,1.15,0
Milk,4.8,75.7,4.57,1
Meat,4.9,75.7,0.04,0
Vegetables,11.2,94.8,4.47,1
Vegetables,6.3,93.8,4.82,1
Milk,6.9,62.1,1.47,0
Vegetables,5.5,90.7,3.68,1
Milk,8.1,88.1,2.66,1
Eggs,6.9,51.3,4.57,1
Fruits,8.1,74.0,0.12,0
Meat,0.8,83.3,3.97,1
Fruits,5.7,77.5,1.84,0
Vegetables,7.2,95.5,1.64,1
Fruits,9.3,77.1,2.54,1
Vegetables,8.6,96.1,4.53,1
Vegetables,4.4,91.3,3.32,1
Fruits,11.0,87.3,4.3,1
Fruits,9.6,83.5,4.47,1
Vegetables,10.7,88.4,2.34,1
Vegetables,7.7,84.7,2.12,0
Milk,5.7,87.1,4.97,1
Eggs,2.4,51.4,1.81,0
Milk,2.5,60.6,4.82,1
Milk,5.6,82.6,0.94,0
Milk,7.0,86.7,2.15,1
Milk,4.9,75.3,1.05,0
Milk,9.4,77.6,4.93,1
Vegetables,5.3,84.1,1.43,0
Fruits,11.2,80.1,2.61,1
Vegetables,11.2,93.6,4.06,1
Eggs,9.2,56.8,0.62,1
Fruits,6.3,81.1,3.89,1
Vegetables,2.8,88.4,1.04,1
Milk,3.0,74.7,2.53,1
Eggs,6.1,61.2,1.13,0
Milk,6.8,72.3,0.17,0
Vegetables,8.7,87.7,0.06,1
Meat,2.3,74.1,0.21,0
Eggs,8.3,55.2,3.7,1
Eggs,3.2,64.4,4.5,1
Meat,3.6,70.3,4.1,1
Milk,5.4,87.5,0.62,1
Eggs,7.9,52.8,3.36,1
Vegetables,5.9,89.1,4.03,1
Meat,0.5,85.6,2.48,1
Fruits,12.9,76.5,2.07,1
Eggs,9.1,62.2,4.87,1
Eggs,7.1,68.2,3.78,1
Meat,0.5,90.1,0.57,1
Milk,6.2,60.3,2.68,1
Meat,5.7,76.7,4.38,1
Eggs,5.5,56.6,1.81,0
Eggs,7.7,69.4,1.81,1
Eggs,4.7,64.7,0.34,0
Milk,6.3,63.2,3.24,1
Fruits,8.1,74.5,1.97,0
Vegetables,6.5,80.0,4.49,1
Milk,5.2,89.6,0.39,1
Vegetables,4.2,88.7,4.98,1
Milk,5.2,86.9,4.69,1
Milk,3.3,68.9,2.3,0
Vegetables,5.6,97.1,0.73,1
Fruits,4.1,86.9,4.36,1
Milk,4.8,76.8,4.98,1
Eggs,7.2,55.7,1.1,1
Milk,4.0,67.1,3.45,1
Milk,3.2,80.3,2.54,1
Meat,3.7,72.7,0.0,0
Vegetables,5.4,92.3,4.04,1
Vegetables,2.5,96.9,0.8,1
Vegetables,5.0,88.3,0.5,1
Milk,2.5,83.2,0.97,0
Fruits,4.8,84.3,1.3,0
Fruits,14.3,78.7,0.1,1
Milk,5.3,66.8,4.53,1
Meat,3.0,94.7,4.84,1
Eggs,5.4,57.0,1.0,0
Meat,6.9,88.2,0.16,1
Milk,5.1,75.8,1.9,0
Milk,7.6,79.9,1.02,1
Meat,2.2,79.6,3.13,1
Meat,0.2,91.5,2.07,1
Milk,6.2,74.5,0.72,0
Fruits,8.6,83.0,1.25,0
Meat,2.9,92.8,4.53,1
Vegetables,3.1,93.9,1.92,1
Milk,2.5,83.5,2.68,1
Fruits,7.4,84.0,2.5,0
Meat,6.5,75.0,4.28,1
Eggs,8.9,62.9,4.46,1
Milk,7.6,84.4,2.79,1
Eggs,3.5,61.4,4.38,1
Fruits,4.2,82.6,4.09,1
Meat,6.0,93.1,0.88,1
Vegetables,9.4,84.0,3.27,1
Meat,3.5,71.9,1.26,0
Eggs,2.2,67.4,0.08,0
Fruits,6.7,79.1,3.51,1
Eggs,3.2,61.2,3.63,1
Vegetables,10.0,82.3,3.02,1
Vegetables,6.7,85.4,2.94,1
Vegetables,6.3,87.8,0.01,1
Vegetables,7.2,83.0,3.64,1
Eggs,4.5,62.8,2.76,1
Vegetables,9.3,84.8,2.77,1
Milk,2.9,81.8,4.13,1
Fruits,8.5,72.7,0.28,0
Milk,5.5,83.4,4.81,1
Milk,4.0,67.5,2.37,0
Eggs,3.2,56.3,1.85,0
Meat,4.7,76.5,2.74,1
Fruits,12.2,82.0,1.21,1
Milk,5.3,87.2,0.21,1
Meat,2.2,73.6,2.97,1
Vegetables,11.0,96.9,0.87,1
Milk,7.5,77.1,1.97,1
Vegetables,6.3,85.5,4.87,1
Milk,9.9,62.7,3.1,1
Vegetables,11.6,89.8,2.26,1
Meat,6.9,88.8,1.04,1
Vegetables,3.3,82.6,0.84,0
Vegetables,6.3,87.5,4.9,1
Eggs,6.6,65.8,1.44,0
Meat,2.4,77.1,2.9,1
Eggs,3.3,66.7,3.26,1
Meat,6.1,86.1,2.81,1
Meat,6.3,82.8,3.19,1
Milk,6.2,60.6,4.8,1
Fruits,7.6,73.7,2.66,1
Milk,3.7,81.4,0.25,0
Milk,4.7,89.0,1.12,1
Eggs,4.0,54.6,0.29,0
Milk,4.0,80.0,2.21,0
Milk,3.0,81.8,1.66,0
Milk,6.1,60.7,4.63,1
Milk,8.8,88.0,3.22,1
Milk,3.3,64.5,0.54,0
Vegetables,4.4,80.8,4.02,1
Eggs,6.6,67.1,1.34,0
Vegetables,9.6,87.3,1.0,1
Milk,3.8,76.3,3.78,1
Meat,4.1,84.4,0.83,0
Eggs,7.1,60.5,1.71,1
Vegetables,8.8,92.0,3.18,1
Milk,5.9,76.4,2.71,1
Fruits,4.9,74.0,2.88,1
Eggs,2.0,59.3,0.59,0
Eggs,7.5,54.9,1.65,1
Meat,7.3,91.1,3.8,1
Vegetables,10.4,93.9,2.79,1
Eggs,6.6,63.1,3.17,1
Fruits,7.4,71.7,0.99,0
Eggs,2.6,67.0,1.28,0
Fruits,9.9,78.8,1.32,1
Eggs,2.8,58.8,2.05,0
Fruits,4.7,74.1,4.63,1
Eggs,2.2,56.4,0.35,0
Fruits,7.6,85.8,1.42,1
Meat,7.0,84.0,4.22,1
Milk,8.3,69.2,0.16,1
Milk,8.8,76.1,0.53,1
Meat,2.0,80.8,1.39,0
Meat,3.9,75.5,0.02,0
Fruits,6.8,89.7,0.98,1
Vegetables,4.0,91.5,1.17,1
Meat,6.2,86.2,3.75,1
Milk,5.5,79.2,2.55,1
Meat,2.9,94.2,3.97,1
Eggs,5.6,58.2,2.32,0
Vegetables,4.9,92.3,2.02,1
Vegetables,4.9,87.2,3.37,1
Meat,1.2,91.3,4.62,1
Milk,3.1,80.3,4.75,1
Eggs,7.1,69.7,4.45,1
Meat,3.2,76.1,2.57,1
Fruits,7.5,83.2,0.03,0
Eggs,6.6,58.7,3.2,1
Fruits,13.8,86.2,4.17,1
Eggs,8.8,53.5,3.92,1
Milk,5.8,66.3,3.99,1
Meat,6.4,77.1,3.07,1
Meat,3.8,83.6,0.25,0
Milk,2.7,85.2,2.55,1
Vegetables,9.4,81.1,4.57,1
Milk,7.1,85.6,2.53,1
Meat,5.5,76.3,1.56,0
Milk,7.6,73.9,2.48,1
Meat,1.7,72.7,4.62,1
Eggs,7.4,55.3,3.05,1
Meat,3.5,77.6,3.54,1
Vegetables,8.1,97.2,2.57,1
Fruits,11.7,82.3,3.64,1
Meat,1.5,94.9,2.35,1
Milk,2.7,82.2,3.61,1
Milk,7.6,82.1,4.58,1
Meat,1.9,70.2,1.08,0
Eggs,3.7,63.1,4.84,1
Fruits,7.6,77.6,4.37,1
Meat,4.7,85.3,4.83,1
Meat,0.0,82.3,4.82,1
Vegetables,6.1,95.1,0.37,1
Fruits,10.3,86.0,4.54,1
Vegetables,6.5,95.5,1.11,1
Milk,4.7,76.3,4.44,1
Fruits,5.8,80.7,0.29,0
Meat,8.0,71.2,0.03,1
Vegetables,4.7,90.8,2.45,1
Fruits,5.2,88.4,4.22,1
Eggs,2.7,54.2,0.86,0
Eggs,3.8,63.0,4.46,1
Vegetables,11.1,84.7,0.88,1
Milk,3.5,72.4,2.78,1
Meat,0.3,94.1,4.58,1
Eggs,4.3,50.0,3.38,1
Eggs,6.1,63.1,1.22,0
Meat,0.7,76.0,3.24,1
Fruits,8.1,89.7,3.44,1
Vegetables,7.7,86.5,3.81,1
Eggs,7.0,65.9,1.96,0
Milk,2.7,84.0,4.33,1
Fruits,7.4,77.7,1.47,0
Milk,8.9,67.5,0.11,1
Milk,3.5,71.0,3.81,1
Eggs,3.9,50.8,0.11,0
Eggs,8.0,54.2,0.99,1
Vegetables,10.9,92.4,3.47,1
Milk,7.0,85.8,3.44,1
Eggs,3.6,69.2,3.89,1
Vegetables,6.4,93.0,4.91,1
Meat,4.5,92.8,1.81,1
Fruits,5.4,86.3,4.16,1
Milk,5.4,79.9,4.5,1
Vegetables,6.7,91.4,2.04,1
Milk,9.0,89.2,4.37,1
Milk,8.1,80.9,2.24,1
Vegetables,6.1,85.5,4.02,1
Meat,4.3,85.2,2.53,1
Vegetables,8.2,80.1,1.73,1
Vegetables,7.1,83.7,4.67,1
Meat,5.1,94.7,3.3,1
Meat,3.9,78.8,1.01,0
Vegetables,5.5,89.8,4.26,1
Fruits,4.7,79.6,2.08,0
Vegetables,7.6,87.8,1.0,1
Fruits,10.1,79.8,1.75,1
Eggs,8.2,66.9,1.05,1
Fruits,12.8,89.5,1.7,1
Milk,3.2,89.1,4.49,1
Eggs,4.2,60.7,2.67,1
Meat,3.3,86.8,2.32,1
Milk,3.6,83.4,4.49,1
Eggs,3.5,56.4,4.51,1
Meat,5.1,72.6,3.47,1
Meat,3.6,88.8,2.56,1
Vegetables,5.7,92.1,0.44,1
Milk,9.3,75.1,3.41,1
Vegetables,8.4,96.0,1.05,1
Milk,5.0,68.2,1.84,0
Fruits,12.0,74.5,1.24,1
Eggs,2.7,58.6,4.19,1
Vegetables,8.6,87.9,3.35,1
Fruits,10.5,79.5,3.56,1
Vegetables,4.3,90.3,1.07,1
Meat,7.3,91.6,4.26,1
Fruits,11.4,70.5,1.13,1
Vegetables,8.7,83.2,2.24,1
Milk,10.0,63.9,0.84,1
Fruits,14.7,79.5,3.61,1
Eggs,4.4,59.0,4.39,1
Eggs,7.0,68.1,0.08,0
Vegetables,10.9,94.6,4.99,1
Eggs,9.5,61.6,2.53,1
Milk,6.0,60.9,3.86,1
Milk,4.3,65.8,3.49,1
Fruits,8.1,84.6,4.02,1
Fruits,4.0,82.5,1.39,0
Vegetables,11.9,95.9,0.59,1
Meat,0.1,89.7,0.83,1
Meat,7.9,91.2,2.87,1
Vegetables,6.6,80.9,1.01,0
Eggs,8.2,51.6,4.01,1
Vegetables,10.6,81.0,1.6,1
Vegetables,3.5,89.6,3.49,1
Milk,5.3,78.9,3.76,1
Meat,6.0,77.4,4.0,1
Fruits,5.1,81.7,4.5,1
Vegetables,2.7,82.6,0.81,0
Eggs,5.8,67.7,1.23,0
Fruits,7.5,78.6,0.49,0
Vegetables,11.1,90.6,1.53,1
Eggs,2.2,55.8,0.0,0
Vegetables,5.6,89.9,1.41,1
Fruits,7.5,86.6,1.36,1
Eggs,4.9,62.2,1.02,0
Fruits,11.3,82.0,0.82,1
Eggs,4.5,54.3,3.92,1
Fruits,14.9,79.7,4.53,1
Milk,3.5,79.2,0.94,0
Vegetables,11.3,91.2,0.74,1
Milk,5.4,87.2,1.98,1
Meat,2.8,78.6,2.56,1
Meat,5.7,90.7,4.98,1
Fruits,4.4,80.4,4.73,1
Eggs,9.3,62.8,4.72,1
Eggs,4.9,61.0,4.35,1
Meat,6.0,85.1,4.43,1
Vegetables,8.0,82.8,3.33,1
Eggs,5.1,54.2,4.42,1
Milk,2.2,88.7,2.83,1
Meat,7.4,75.3,3.11,1
Meat,2.8,72.8,1.7,0
Vegetables,5.8,91.1,0.34,1
Eggs,2.2,62.0,2.03,0
Vegetables,2.6,90.1,2.98,1
Milk,8.6,66.4,3.99,1
Meat,3.1,84.2,4.87,1
Eggs,3.5,53.9,3.94,1
Fruits,14.9,85.8,4.48,1
Fruits,9.9,74.4,0.89,1
Fruits,11.1,79.0,0.32,1
Milk,8.8,88.8,0.48,1
Meat,5.9,71.0,3.14,1
Meat,0.1,83.2,4.15,1
Milk,9.1,82.7,3.89,1
Fruits,8.2,85.3,2.61,1
Milk,6.2,64.8,2.16,0
Eggs,6.3,65.0,0.66,0
Milk,6.4,87.7,4.44,1
Vegetables,11.1,81.4,0.33,1
Vegetables,3.1,91.5,2.89,1
Meat,1.7,83.5,4.49,1
Milk,6.1,87.8,2.13,1
Fruits,14.4,70.5,1.51,1
Fruits,11.8,88.2,1.94,1
Vegetables,6.3,97.3,1.26,1
Milk,7.7,81.5,4.43,1
Meat,2.9,89.9,3.01,1
Vegetables,8.1,92.5,2.92,1
Fruits,11.6,84.2,0.29,1
Eggs,4.8,53.5,0.66,0
Fruits,14.3,85.9,3.96,1
Meat,1.1,75.1,0.12,0
Vegetables,2.8,80.8,2.17,0
Meat,0.0,73.5,2.75,1
Eggs,8.2,55.7,2.59,1
Meat,0.6,94.6,2.96,1
Eggs,3.7,51.8,3.51,1
Fruits,13.4,79.4,1.59,1
Milk,4.2,74.7,0.94,0
Meat,4.7,75.1,2.42,0
Vegetables,2.5,94.7,4.53,1
Eggs,4.4,51.8,3.56,1
Vegetables,10.5,90.1,1.52,1
Vegetables,10.5,82.2,2.68,1
Fruits,7.8,84.4,2.86,1
Meat,0.9,80.7,0.17,0
Vegetables,2.0,85.6,1.84,1
Milk,3.4,67.6,4.56,1
Fruits,9.8,88.4,2.84,1
Eggs,8.8,58.4,2.44,1
Vegetables,9.5,88.9,3.4,1
Fruits,12.9,72.9,2.46,1
Fruits,5.7,71.3,0.59,0
Eggs,9.7,58.1,3.2,1
Fruits,12.2,76.6,3.3,1
Eggs,6.2,53.9,2.22,0
Fruits,10.3,73.0,0.61,1
Vegetables,7.9,91.8,1.85,1
Vegetables,8.9,81.1,3.57,1
Meat,2.4,78.0,2.65,1
Eggs,7.9,67.9,2.18,1
Fruits,12.2,83.4,2.28,1
Vegetables,3.3,86.0,0.53,1
Vegetables,7.3,91.1,2.46,1
Meat,2.9,95.0,1.8,1
Milk,5.8,64.5,3.45,1
Vegetables,11.6,87.1,4.22,1
Vegetables,5.6,94.2,0.93,1
Milk,5.3,83.7,4.6,1
Milk,7.9,89.2,0.49,1
Eggs,9.4,60.0,2.57,1
Meat,1.5,78.5,1.96,0
Fruits,4.0,73.9,1.78,0
Fruits,7.7,78.2,4.9,1
Vegetables,5.9,86.0,0.45,1
Eggs,4.2,52.9,1.89,0
Milk,9.7,78.1,0.89,1
Fruits,7.5,82.6,1.7,0
Fruits,5.4,79.3,0.73,0
Milk,9.9,84.7,1.72,1
Meat,4.6,92.3,1.74,1
Milk,6.5,89.5,3.58,1
Eggs,2.1,56.2,3.41,1
Fruits,14.9,88.7,3.25,1
Vegetables,6.7,91.4,3.58,1
Meat,3.2,78.0,1.86,0
Meat,0.6,85.6,3.77,1
Fruits,6.5,78.0,0.33,0
Milk,7.0,68.3,4.24,1
Fruits,13.4,82.2,0.63,1
Fruits,12.9,84.5,2.36,1
Milk,5.9,70.1,4.92,1
Fruits,5.2,76.0,2.58,1
Vegetables,6.7,96.6,2.81,1
Milk,4.0,67.0,3.46,1
Eggs,5.6,55.6,4.48,1
Eggs,6.1,54.9,4.4,1
Eggs,5.2,67.4,3.73,1
Milk,2.6,88.5,2.82,1
Eggs,2.8,69.1,0.86,0
Milk,7.9,86.8,0.65,1
Fruits,11.9,89.5,3.71,1
Eggs,8.7,55.8,3.6,1
Fruits,7.5,71.0,3.16,1
Milk,6.7,71.5,4.28,1
Meat,1.1,86.3,1.75,1
Meat,3.2,72.4,4.91,1
Vegetables,11.9,96.7,1.94,1
Fruits,8.0,77.1,3.29,1
Meat,4.7,70.1,3.65,1
Vegetables,9.8,94.0,0.06,1
Fruits,9.8,71.9,4.7,1
Fruits,8.1,85.9,4.08,1
Vegetables,9.0,81.0,2.61,1
Fruits,4.3,82.5,3.8,1
Fruits,9.0,71.1,4.88,1
Fruits,9.2,71.1,0.47,1
Fruits,14.1,82.4,3.56,1
Milk,7.8,78.7,3.41,1
Eggs,6.6,69.1,1.35,0
Eggs,5.9,64.3,4.8,1
Fruits,4.1,85.2,2.98,1
Vegetables,5.0,80.2,3.36,1
Vegetables,2.8,80.7,2.59,1
Meat,1.8,90.0,0.86,1
Meat,1.1,73.8,1.95,0
Milk,2.9,64.4,2.64,1
Fruits,8.1,84.2,3.97,1
Eggs,8.2,67.0,4.19,1
Fruits,4.9,90.0,2.38,1
Milk,2.7,69.6,2.43,0
Eggs,2.5,57.2,4.32,1
Meat,6.1,87.9,4.88,1
Eggs,5.5,56.0,3.66,1
Milk,5.8,74.6,3.24,1
Vegetables,8.3,90.9,2.11,1
Milk,6.0,60.7,3.54,1
Vegetables,7.6,89.7,3.48,1
Vegetables,7.9,96.6,4.21,1
Milk,9.2,89.7,1.32,1
Milk,2.4,85.7,0.68,1
Milk,7.5,82.1,3.51,1
Milk,5.5,83.3,4.93,1
Milk,3.0,88.4,1.91,1
Vegetables,6.2,94.7,1.73,1
Fruits,10.4,89.9,2.18,1
Milk,8.7,69.8,3.34,1
Fruits,9.9,83.4,0.46,1
Eggs,3.0,54.1,3.8,1
Eggs,5.6,60.3,0.1,0
Meat,6.9,87.7,4.12,1
Fruits,7.5,82.4,2.32,0
Vegetables,8.4,83.3,1.7,1
Eggs,2.2,50.8,2.03,0
Vegetables,9.1,90.3,0.13,1
Milk,9.9,84.4,4.27,1
Meat,1.7,87.4,4.77,1
Vegetables,10.7,81.4,2.14,1
Milk,5.8,69.7,0.99,0
Vegetables,3.8,84.0,4.17,1
Eggs,6.9,53.7,0.9,0
Fruits,8.3,89.4,4.34,1
Milk,3.7,88.3,0.89,1
Meat,8.0,80.3,3.17,1
Milk,5.5,63.3,3.9,1
Meat,2.0,76.2,1.57,0
Fruits,7.1,70.5,4.29,1
Meat,5.0,91.9,4.66,1
Eggs,5.4,50.1,4.55,1
Milk,3.5,73.3,4.16,1
Meat,7.1,89.1,1.5,1
Meat,6.3,86.8,2.75,1
Fruits,8.1,84.4,2.97,1
Eggs,6.2,59.9,0.84,0
Vegetables,2.7,94.6,4.36,1
Vegetables,10.8,89.2,4.82,1
Vegetables,10.4,97.2,2.42,1
Milk,6.4,81.7,4.3,1
Fruits,8.1,74.1,0.2,0
Vegetables,9.5,95.2,2.45,1
Vegetables,8.6,96.6,0.23,1
Meat,0.6,88.9,0.2,1
Fruits,11.6,79.3,1.96,1
Eggs,3.7,62.8,4.19,1
Milk,7.4,77.2,0.07,1
Milk,2.2,66.1,2.54,1
Milk,5.5,79.6,2.69,1
Fruits,14.4,76.5,1.82,1
Vegetables,3.4,90.4,2.21,1
Vegetables,10.0,91.3,4.37,1
Fruits,12.4,76.0,4.68,1
Eggs,6.0,63.7,4.24,1
Milk,2.7,82.3,1.15,0
Milk,7.2,70.2,2.21,1
Meat,7.1,82.3,0.75,1
Milk,9.3,70.2,1.82,1
Fruits,6.0,87.5,1.56,1
Milk,9.0,82.6,2.15,1
Fruits,12.6,86.4,0.55,1
Milk,2.6,76.4,2.99,1
Vegetables,8.7,97.2,1.12,1
Vegetables,8.9,91.1,3.64,1
Eggs,9.5,59.3,4.37,1
Milk,4.5,84.5,1.91,0
Fruits,8.0,71.4,1.47,0
Eggs,8.4,69.8,4.35,1
Meat,1.3,94.3,1.16,1
Fruits,11.4,84.9,2.19,1
Eggs,2.3,55.0,3.53,1
Milk,7.0,86.8,3.3,1
Fruits,5.1,89.7,1.63,1
Eggs,8.0,50.7,3.03,1
Fruits,11.1,84.7,1.39,1
Eggs,5.7,54.4,4.16,1
Milk,7.6,82.1,4.92,1
Meat,0.2,91.9,3.79,1
Milk,2.9,80.8,0.89,0
Eggs,5.7,68.5,1.48,0
Milk,6.6,77.3,2.51,1
Fruits,5.3,81.3,0.36,0
Vegetables,10.8,94.2,2.36,1
Vegetables,3.2,95.3,2.26,1
Vegetables,7.1,89.8,0.46,1
Eggs,7.8,69.9,0.3,1
Meat,1.1,77.4,4.05,1
Eggs,6.9,56.6,1.71,0
Vegetables,4.9,85.9,4.89,1
Fruits,9.3,76.9,1.55,1
Meat,6.4,82.9,1.28,1
Meat,6.1,91.9,2.56,1
Meat,3.3,83.7,4.11,1
Vegetables,2.0,89.1,0.73,1
Eggs,8.0,56.1,4.79,1
Fruits,5.5,77.2,0.94,0
Meat,3.0,70.5,2.92,1
Vegetables,8.0,83.4,1.11,0
Vegetables,6.6,87.7,3.78,1
Vegetables,4.3,93.0,2.5,1
Meat,3.1,72.1,2.29,0
Fruits,8.3,84.7,4.8,1
Eggs,8.9,60.4,2.01,1
Vegetables,3.3,94.2,2.45,1
Meat,2.0,71.1,2.86,1
Vegetables,2.0,83.5,2.82,1
Vegetables,8.3,80.8,4.97,1
Milk,2.8,77.9,3.46,1
Vegetables,11.5,95.8,2.82,1
Eggs,6.2,55.1,4.24,1
Eggs,5.7,54.0,0.92,0
Eggs,2.7,64.7,2.02,0
Milk,5.7,71.8,2.17,0
Fruits,5.8,72.1,2.24,0
Fruits,5.4,86.5,3.94,1
Milk,3.3,68.5,4.19,1
Vegetables,6.5,93.5,4.48,1
Vegetables,9.2,91.5,0.58,1
Eggs,6.3,50.2,1.99,0
Fruits,9.5,79.0,4.29,1
Fruits,11.1,72.5,3.54,1
Fruits,6.8,81.4,4.82,1
Eggs,7.8,55.4,4.94,1
Eggs,6.1,69.2,2.46,0
Fruits,10.2,82.0,1.04,1
Eggs,2.3,55.8,4.14,1
Eggs,3.6,51.1,0.6,0
Eggs,6.2,51.9,2.16,0
Fruits,7.8,87.2,3.68,1
Vegetables,7.4,80.2,2.66,1
Meat,6.7,88.5,0.27,1
Eggs,5.0,69.9,2.09,0
Meat,0.7,72.7,1.51,0
Vegetables,8.7,85.2,2.7,1
Vegetables,9.6,85.2,3.35,1
Eggs,6.7,67.7,3.97,1
Fruits,7.4,84.2,2.03,0
Vegetables,4.5,82.3,0.16,0
Milk,4.1,86.0,4.55,1
Eggs,5.9,65.4,4.45,1
Fruits,9.3,75.7,0.34,1
Milk,7.4,83.6,3.63,1
Meat,2.2,90.6,3.44,1
Vegetables,11.0,81.3,2.19,1
Meat,8.0,77.0,2.93,1
Meat,0.2,84.2,1.15,0
Eggs,2.9,52.9,3.85,1
Vegetables,7.2,94.4,4.96,1
Meat,2.7,90.9,3.02,1
Vegetables,9.5,83.1,3.65,1
Vegetables,10.0,82.0,0.73,1
Eggs,7.0,66.3,1.13,0
Fruits,13.0,88.8,3.02,1
Milk,2.6,83.4,1.06,0
Meat,6.9,89.3,2.81,1
Meat,7.2,82.0,2.7,1
Eggs,7.7,57.7,3.28,1
Meat,0.4,79.5,0.42,0
Fruits,6.0,89.8,1.06,1
Eggs,9.3,57.8,4.0,1
Eggs,5.5,50.6,0.81,0
Eggs,7.4,61.7,0.44,1
Eggs,8.0,56.3,2.13,1
Fruits,8.0,78.9,1.97,0
Meat,3.0,82.1,3.56,1
Meat,6.5,76.5,4.86,1
Milk,5.1,77.2,3.17,1
Milk,4.4,77.6,4.07,1
Eggs,3.3,54.6,4.95,1
Milk,4.0,70.7,1.68,0
Eggs,8.9,60.5,4.77,1
Fruits,8.5,79.5,3.16,1
Vegetables,9.7,94.5,3.33,1
Eggs,5.2,59.2,1.24,0
Eggs,3.6,53.6,0.69,0
Milk,7.4,87.4,2.12,1
Meat,4.8,70.4,1.71,0
Vegetables,5.5,88.9,4.92,1
Milk,6.0,89.1,2.86,1
Eggs,6.5,55.0,1.41,0
Fruits,12.4,89.4,2.49,1
Milk,3.2,65.1,0.49,0
Eggs,4.9,62.9,4.01,1
Milk,5.0,79.3,1.77,0
Fruits,6.1,85.4,4.09,1
Fruits,6.0,76.0,3.42,1
Fruits,12.5,76.2,4.05,1
Meat,3.3,90.2,0.99,1
Meat,0.9,88.6,3.17,1
Fruits,11.7,82.7,1.46,1
Vegetables,2.8,81.4,2.63,1
Milk,6.9,68.2,1.06,0
Eggs,3.9,67.4,1.57,0
Eggs,3.9,57.5,4.26,1
Fruits,4.7,85.4,4.01,1
Vegetables,4.3,92.8,1.37,1
Milk,2.3,83.8,2.6,1
Fruits,9.3,81.3,1.86,1
Eggs,2.7,69.0,0.67,0
Eggs,8.1,50.7,1.74,1
Vegetables,4.5,82.1,4.7,1
Eggs,6.1,67.3,0.18,0
Eggs,9.9,52.6,2.67,1
Fruits,14.3,71.5,1.58,1
Eggs,4.0,58.6,1.22,0
Meat,8.0,93.1,0.96,1
Eggs,4.0,53.4,0.18,0
Eggs,2.0,61.2,3.67,1
Meat,0.2,93.4,0.21,1
Eggs,3.9,58.4,2.73,1
Meat,6.0,73.5,0.82,0
Meat,3.9,83.3,2.96,1
Vegetables,4.4,89.1,0.14,1
Fruits,9.9,74.5,2.4,1
Milk,4.1,73.9,2.58,1
Meat,2.8,91.4,4.66,1
Meat,0.6,71.3,0.42,0
Milk,9.0,60.1,1.39,1
Milk,6.0,60.9,1.09,0
Milk,5.5,75.5,4.22,1
Fruits,6.2,80.8,1.76,0
Fruits,6.8,73.2,1.5,0
Eggs,2.3,66.5,1.86,0
Fruits,13.7,80.5,2.61,1
Vegetables,4.4,83.3,2.75,1
Meat,4.3,87.7,3.05,1
Milk,8.6,83.0,2.31,1
Fruits,13.7,75.9,0.35,1
Milk,7.8,78.2,0.44,1
Milk,8.0,65.7,1.92,1
Meat,3.2,92.2,3.04,1
Meat,4.0,71.2,4.52,1
Eggs,6.1,50.7,4.93,1
Milk,2.3,68.5,3.85,1
Milk,7.0,84.0,0.66,0
Milk,7.0,61.1,4.98,1
Milk,4.7,86.7,4.21,1
Meat,2.2,89.4,1.08,1
Meat,6.3,79.3,3.98,1
Eggs,10.0,65.3,3.14,1
Meat,3.0,93.2,3.89,1
Meat,5.5,93.5,1.96,1
Meat,5.5,90.7,4.47,1
Meat,4.6,70.9,2.62,1
Eggs,2.6,62.7,1.21,0
Eggs,3.1,54.0,2.48,0
Eggs,4.3,52.9,2.79,1
Milk,3.9,74.5,2.51,1
Vegetables,6.3,86.5,2.51,1
Milk,8.9,73.1,3.43,1
Milk,7.6,80.9,1.19,1
Vegetables,2.9,92.0,0.74,1
Eggs,3.5,56.1,3.33,1
Eggs,7.9,69.4,3.1,1
Meat,6.8,82.8,4.28,1
Vegetables,11.0,96.8,4.56,1
Eggs,2.1,69.1,4.14,1
Vegetables,7.9,88.3,1.42,1
Vegetables,4.0,88.5,3.31,1
Milk,2.7,87.3,1.49,1
Meat,3.2,77.0,3.51,1
Milk,3.7,61.3,2.04,0
Milk,7.4,60.6,4.41,1
Meat,6.5,70.3,2.95,1
Milk,7.6,65.1,2.97,1
Eggs,6.3,55.0,0.8,0
Eggs,8.0,56.9,0.17,1
Fruits,4.4,72.1,3.13,1
Fruits,4.8,89.6,2.96,1
Fruits,9.7,72.2,2.71,1
Vegetables,6.9,85.9,0.02,1
Vegetables,8.0,87.0,3.26,1
Meat,5.7,76.1,1.74,0
Fruits,7.5,87.2,3.93,1
Vegetables,2.7,89.8,4.04,1
Meat,4.0,93.0,4.45,1
Milk,3.5,85.3,1.92,1
Meat,7.0,80.0,0.41,1
Fruits,12.4,74.3,4.24,1
Eggs,3.9,66.7,2.06,0
Vegetables,2.3,95.5,1.92,1
Milk,7.8,71.5,4.01,1
Milk,4.7,60.5,3.82,1
Meat,2.0,73.5,1.33,0
Milk,7.6,74.3,1.92,1
Milk,6.3,70.3,2.35,0
Milk,3.8,86.4,4.62,1
Eggs,2.6,66.2,3.92,1
Fruits,13.9,88.8,3.23,1
Vegetables,4.1,89.3,1.18,1
Eggs,6.6,59.4,0.42,0
Meat,3.8,93.3,1.6,1
Meat,4.3,77.2,3.44,1
Milk,7.6,82.2,1.47,1
Vegetables,4.6,92.6,1.86,1
Meat,3.7,88.2,3.75,1
Fruits,7.6,81.0,0.08,0
Vegetables,11.9,93.9,3.77,1
Vegetables,8.4,93.1,2.0,1
Milk,9.5,65.0,0.62,1
Eggs,3.3,68.2,3.26,1
Vegetables,8.3,90.9,4.02,1
Eggs,7.1,59.4,3.91,1
Milk,8.0,87.1,3.45,1
Eggs,9.6,64.8,4.75,1
Fruits,9.3,85.9,3.98,1
Vegetables,4.5,82.2,1.1,0
Eggs,2.3,51.9,3.37,1
Meat,0.6,81.2,2.22,0
Meat,6.8,81.4,1.95,1
Vegetables,3.2,84.8,0.85,0
Milk,7.2,84.3,0.89,1
Vegetables,4.1,84.5,2.68,1
Eggs,5.2,56.4,2.68,1
Meat,2.0,90.3,0.01,1
Eggs,5.9,54.9,4.36,1
Fruits,10.0,81.0,1.22,1
Vegetables,2.9,96.0,0.51,1
Fruits,9.7,72.9,4.29,1
Meat,2.3,76.5,1.81,0
Fruits,13.8,82.1,4.74,1
Vegetables,9.6,97.4,4.07,1
Fruits,9.8,73.7,0.84,1
Meat,7.0,72.1,2.45,1
Eggs,5.5,55.9,3.89,1
Vegetables,4.5,81.0,2.1,0
Eggs,8.9,61.6,4.28,1
Milk,2.7,67.8,0.61,0
Vegetables,6.4,89.2,1.35,1
Vegetables,4.1,94.0,0.95,1
Vegetables,8.5,94.7,0.47,1
Vegetables,2.9,95.9,4.64,1
Milk,8.5,86.1,4.01,1
Meat,6.7,83.6,3.39,1
Milk,6.6,74.4,4.36,1
Meat,3.5,73.0,2.98,1
Eggs,9.9,66.5,4.99,1
Eggs,6.4,53.3,3.0,1
Milk,8.7,70.0,4.35,1
Fruits,6.3,82.0,3.57,1
Vegetables,7.5,91.9,4.83,1
Milk,3.4,77.1,4.48,1
Fruits,8.0,75.9,1.43,0
Milk,5.5,79.9,3.73,1
Eggs,9.0,63.8,4.92,1
Vegetables,3.8,83.0,1.15,0
Eggs,7.8,62.1,2.08,1
Fruits,7.3,86.8,4.96,1
Milk,6.5,65.3,3.55,1
Milk,7.2,66.1,2.39,1
Eggs,6.1,57.5,3.0,1
Milk,5.4,81.2,4.94,1
Milk,8.6,76.1,1.17,1
Eggs,2.3,53.5,3.21,1
Eggs,2.4,50.8,3.75,1
Eggs,9.7,58.9,0.79,1
Eggs,5.7,54.1,2.62,1
Eggs,9.6,59.7,2.33,1
Fruits,5.4,74.6,0.85,0
Meat,6.1,94.7,2.06,1
Meat,6.3,85.3,1.18,1
Fruits,14.0,73.8,2.72,1
Meat,4.8,81.6,0.9,0
Eggs,7.5,55.8,4.35,1
Milk,8.1,82.8,4.99,1
Milk,7.4,68.9,3.27,1
Meat,7.6,77.1,1.12,1
Vegetables,3.5,84.0,0.53,0
Fruits,10.1,82.7,3.5,1
Vegetables,7.5,95.8,1.52,1
Eggs,6.8,59.0,2.98,1
Milk,5.9,88.6,2.14,1
Fruits,13.4,78.4,1.12,1
Fruits,5.9,79.0,4.83,1
Milk,6.8,74.2,2.0,0
Milk,5.4,69.7,1.05,0
Vegetables,3.2,84.2,0.26,0
Vegetables,11.5,92.7,4.92,1
Vegetables,6.6,96.2,2.85,1
Milk,9.0,63.1,4.94,1
Eggs,7.1,55.1,2.01,1
Vegetables,11.6,87.2,2.07,1
Vegetables,9.7,92.4,1.02,1
Fruits,11.4,84.2,2.61,1
Eggs,3.9,62.0,3.04,1
Meat,2.9,92.6,0.32,1
Meat,7.0,91.4,1.13,1
Vegetables,3.2,84.1,4.72,1
Milk,5.3,76.2,4.66,1
Eggs,4.6,68.2,1.1,0
Eggs,9.3,51.9,4.36,1
Meat,5.0,83.4,3.12,1
Vegetables,11.4,89.3,1.24,1
Milk,9.9,76.0,1.51,1
Eggs,2.4,62.1,3.07,1
Fruits,7.3,84.6,4.72,1
Eggs,4.3,56.2,3.17,1
Vegetables,4.6,86.1,1.95,1
Milk,8.9,71.2,0.24,1
Vegetables,3.4,85.7,1.72,1
Vegetables,6.3,95.1,3.89,1
Fruits,5.9,88.2,2.8,1
Eggs,9.2,63.0,2.05,1
Eggs,5.5,67.5,0.25,0
Fruits,10.0,88.9,2.76,1
Milk,3.1,85.8,0.36,1
Vegetables,9.7,91.1,3.47,1
Vegetables,10.9,94.9,4.5,1
Fruits,11.6,76.3,2.05,1
Vegetables,3.7,96.1,1.69,1
Eggs,3.4,61.9,0.11,0
Vegetables,5.4,85.4,1.22,1
Eggs,8.9,66.6,4.29,1
Vegetables,11.1,94.5,0.13,1
Fruits,9.7,85.6,3.62,1
Eggs,5.1,60.4,2.19,0
Fruits,6.8,87.3,2.86,1
Milk,7.0,62.8,0.72,0
Vegetables,11.7,90.9,1.17,1
Vegetables,9.3,82.4,1.3,1
Milk,9.0,74.5,0.67,1
Milk,7.4,79.3,0.85,1
Vegetables,3.7,86.9,0.84,1
Fruits,9.4,79.5,4.85,1
Eggs,8.1,55.3,1.8,1
Meat,0.1,81.2,3.84,1
Fruits,12.5,74.1,3.46,1
Eggs,9.7,54.7,3.22,1
Meat,1.6,94.2,1.27,1
Vegetables,11.3,91.1,4.48,1
Eggs,9.6,63.0,2.45,1
Fruits,6.8,88.1,1.89,1
Milk,9.3,63.5,1.78,1
Milk,9.7,61.6,3.83,1
Meat,1.6,78.7,3.06,1
Eggs,4.2,67.2,4.98,1
Meat,7.1,94.4,4.63,1
Eggs,5.7,50.6,2.02,0
Milk,6.0,68.6,4.07,1
Vegetables,2.3,96.0,4.99,1
Meat,2.8,87.6,0.05,1
Meat,5.6,79.9,0.43,0
Vegetables,8.0,85.2,3.57,1
Fruits,6.0,86.0,2.73,1
Fruits,6.8,88.3,4.95,1
Meat,6.8,75.1,1.53,1
Vegetables,2.2,97.5,0.56,1
Fruits,14.2,75.3,3.11,1
Meat,1.0,94.2,3.14,1
Fruits,7.4,80.1,1.64,0
Milk,7.8,64.5,1.36,1
Vegetables,7.0,93.6,3.45,1
Meat,4.7,90.0,1.07,1
Milk,2.4,71.4,3.81,1
Vegetables,10.3,93.5,1.13,1
Meat,4.5,91.4,4.07,1
Vegetables,2.3,89.8,4.16,1
Meat,3.7,86.2,2.13,1
Eggs,2.5,58.1,3.86,1
Meat,3.0,88.7,2.72,1
Eggs,2.8,64.0,1.09,0
Fruits,7.3,84.3,4.36,1
Eggs,2.2,61.1,2.56,1
Fruits,12.9,83.4,2.08,1
Vegetables,8.3,85.9,3.84,1
Eggs,7.1,54.9,0.97,1
Milk,2.2,67.9,4.78,1
Eggs,6.6,55.9,1.68,0
Milk,5.8,89.4,1.52,1
Milk,9.8,85.5,4.5,1
Meat,5.6,77.5,1.97,0
Vegetables,7.0,87.6,2.12,1
Fruits,6.3,81.9,1.79,0
Vegetables,7.9,93.8,1.63,1
Milk,7.1,69.6,4.77,1
Fruits,13.6,71.2,4.47,1
Meat,5.5,88.2,4.77,1
Vegetables,8.1,83.2,1.36,1
Meat,5.8,74.7,3.6,1
Fruits,11.2,78.3,0.11,1
Vegetables,12.0,83.0,4.15,1
Meat,4.9,74.5,4.29,1
Vegetables,5.4,91.7,1.73,1
Meat,1.2,94.1,1.1,1
Eggs,7.4,58.5,2.7,1
Eggs,5.4,68.9,4.74,1
Fruits,13.6,87.9,2.64,1
Eggs,6.4,62.1,1.76,0
Vegetables,7.1,93.8,1.32,1
Milk,9.6,85.7,2.13,1
Fruits,11.2,73.1,3.01,1
Fruits,10.2,86.2,1.05,1
Meat,5.5,76.4,2.92,1
Fruits,4.6,82.4,3.51,1
Vegetables,11.6,82.6,1.42,1
Milk,3.5,73.3,1.06,0
Meat,0.2,85.8,2.65,1
Eggs,4.4,57.4,1.81,0
Vegetables,11.4,89.8,4.39,1
Meat,4.0,86.5,4.15,1
Meat,7.5,80.0,1.06,1
Vegetables,11.8,85.1,4.78,1
Milk,6.8,72.5,2.31,0
Eggs,8.2,64.3,4.67,1
Milk,3.4,68.3,3.82,1
Milk,2.9,88.8,2.65,1
Milk,5.0,86.7,1.09,1
Eggs,9.8,63.8,0.45,1
Meat,5.3,91.5,2.85,1
Meat,2.2,87.2,3.88,1
Fruits,5.0,82.6,0.95,0
Vegetables,2.9,88.5,0.48,1
Meat,0.9,89.3,0.17,1
Eggs,9.6,67.6,4.97,1
Fruits,13.8,77.7,4.15,1
Meat,5.8,71.1,3.62,1
Eggs,9.3,64.1,0.65,1
Milk,6.4,87.9,1.63,1
Milk,7.2,87.8,4.38,1
Vegetables,7.9,85.0,0.28,0
Milk,6.6,68.3,3.88,1
Milk,5.8,88.1,4.91,1
Eggs,3.9,68.9,1.11,0
Milk,6.3,72.6,2.16,0
Fruits,7.4,83.1,0.79,0
Eggs,3.1,58.2,4.14,1
Eggs,8.0,58.2,0.79,1
Milk,3.9,65.1,4.09,1
Vegetables,2.3,97.4,2.15,1
Vegetables,11.6,89.9,3.58,1
Milk,4.9,62.4,0.02,0
Fruits,4.2,79.1,0.21,0
Fruits,12.9,80.0,1.72,1
Milk,2.1,61.8,2.02,0
Fruits,11.7,85.6,4.15,1
Fruits,11.0,73.3,4.4,1
Eggs,6.7,57.3,2.79,1
Fruits,8.3,81.7,2.09,0
Fruits,6.0,74.3,3.79,1
Vegetables,10.0,87.0,1.83,1
Milk,2.3,80.0,4.32,1
Vegetables,2.2,91.7,0.68,1
Milk,7.3,66.4,2.66,1
Eggs,9.0,51.1,3.11,1
Vegetables,2.0,93.6,4.93,1
Milk,4.4,83.9,1.16,0
Meat,6.9,92.7,4.62,1
Milk,8.4,63.2,4.91,1
Vegetables,7.0,87.1,0.6,1
Fruits,7.2,70.5,2.63,1
Fruits,14.2,83.2,2.21,1
Meat,7.9,85.1,1.53,1
Eggs,4.9,52.6,2.67,1
Fruits,12.5,71.4,3.39,1
Fruits,8.1,85.0,3.06,1
Eggs,3.7,68.0,4.92,1
Eggs,7.0,51.5,3.18,1
Milk,2.2,75.9,3.65,1
Fruits,12.5,76.5,3.59,1
Eggs,8.5,54.0,4.12,1
Fruits,8.3,80.1,2.49,0
Eggs,8.9,62.1,3.84,1
Milk,2.8,73.8,0.95,0
Eggs,5.7,64.5,1.09,0
Meat,6.9,94.8,0.95,1
Vegetables,8.7,80.9,0.83,1
Milk,4.6,85.0,4.99,1
Milk,6.7,75.2,4.59,1
Eggs,8.8,66.4,1.93,1
Fruits,10.3,75.3,1.78,1
Meat,4.8,93.0,3.5,1
Fruits,6.0,71.8,4.47,1
Vegetables,10.8,86.5,0.33,1
Milk,8.8,79.6,1.91,1
Fruits,12.6,73.1,0.21,1
Eggs,8.4,69.0,4.13,1
Milk,4.2,64.7,1.82,0
Eggs,3.8,54.7,3.44,1
Eggs,7.9,68.5,4.97,1
Meat,1.1,91.9,2.87,1
Fruits,9.7,77.7,0.25,1
Eggs,8.6,50.2,0.91,1
Fruits,10.2,83.5,3.48,1
Vegetables,9.7,82.0,1.57,1
Milk,7.2,72.6,2.93,1
Vegetables,6.2,89.7,3.66,1
Vegetables,4.7,82.4,2.83,1
Meat,6.9,88.7,0.07,1
Vegetables,10.6,91.1,3.14,1
Vegetables,2.7,83.6,1.24,0
Meat,6.4,85.2,0.49,1
Fruits,10.9,83.7,0.81,1
Meat,1.6,75.2,2.87,1
Fruits,8.8,74.2,3.5,1
Meat,5.7,88.5,0.26,1
Meat,6.3,85.6,2.03,1
Fruits,7.4,73.9,0.66,0
Milk,9.3,79.2,2.51,1
Milk,6.5,75.3,4.42,1
Eggs,4.6,55.4,2.83,1
Fruits,4.4,79.5,0.67,0
Eggs,6.3,52.0,1.66,0
Vegetables,11.0,81.0,1.19,1
Meat,5.4,93.7,0.31,1
Fruits,4.6,72.5,3.7,1
Vegetables,9.1,87.6,2.72,1
Vegetables,2.0,83.0,2.24,0
Fruits,13.8,77.8,1.62,1
Eggs,8.2,51.2,2.93,1
Eggs,7.0,54.4,2.39,0
Meat,0.6,89.4,0.81,1
Vegetables,9.0,83.0,1.1,1
Fruits,6.7,79.8,3.79,1
Meat,1.5,83.7,4.48,1
Fruits,7.4,78.6,4.84,1
Vegetables,2.4,85.9,2.38,1
Eggs,5.6,66.3,4.29,1
Fruits,8.6,83.8,2.64,1
Milk,4.6,72.0,3.0,1
Meat,4.2,74.2,3.3,1
Vegetables,2.1,97.0,1.75,1
Meat,5.5,80.8,1.51,0
Eggs,6.4,57.1,0.0,0
Milk,5.5,79.8,1.11,0
Vegetables,7.3,87.7,1.74,1
Eggs,4.8,54.4,1.8,0
Eggs,3.3,50.6,4.43,1
Eggs,4.5,67.0,1.69,0
Eggs,6.1,66.6,4.83,1
Meat,0.4,72.5,4.25,1
Eggs,7.1,69.2,0.59,1
Eggs,2.6,60.6,2.14,0
Eggs,7.6,65.0,0.69,1
Meat,1.1,87.3,0.12,1
Meat,3.5,80.8,3.12,1
Fruits,6.5,71.5,2.95,1
Vegetables,8.0,89.3,1.29,1
Fruits,7.2,89.4,1.29,1
Meat,1.1,81.3,0.81,0
Milk,8.6,63.9,4.05,1
Vegetables,2.6,85.3,1.34,1
Meat,6.5,84.8,1.95,1
Fruits,4.5,75.3,4.05,1
Fruits,9.1,77.8,0.25,1
Milk,7.3,76.1,2.63,1
Eggs,3.8,67.0,0.78,0
Eggs,6.8,55.0,1.85,0
Eggs,9.0,57.2,0.93,1
Eggs,5.4,54.9,3.65,1
Meat,1.9,78.0,3.88,1
Meat,3.0,77.5,1.53,0
Milk,2.3,74.2,1.98,0
Fruits,4.7,74.4,4.41,1
Fruits,11.8,72.8,1.31,1
Meat,4.9,79.9,2.99,1
Vegetables,11.1,94.3,3.68,1
Milk,8.4,62.8,0.38,1
Milk,8.9,89.6,2.96,1
Milk,6.6,72.5,3.9,1
Eggs,2.6,59.2,0.21,0
Meat,0.3,91.3,2.06,1
Eggs,5.8,61.5,0.32,0
Meat,6.4,72.7,0.83,1
Eggs,6.7,64.2,3.6,1
Milk,2.2,78.7,2.31,0
Vegetables,3.5,85.8,1.61,1
Vegetables,5.5,88.9,2.45,1
Fruits,9.9,71.9,3.69,1
Meat,0.4,90.7,4.03,1
Milk,3.0,84.6,1.98,0
Meat,1.5,84.2,1.7,0
Vegetables,6.0,93.2,3.01,1
Vegetables,2.1,87.7,2.99,1
Meat,6.2,88.5,4.87,1
Meat,2.1,73.6,3.31,1
Milk,4.8,60.8,0.56,0
Milk,9.7,72.8,0.04,1
Fruits,9.3,72.1,2.41,1
Milk,2.9,82.1,3.97,1
Meat,3.9,82.1,0.47,0
Meat,4.1,90.9,4.36,1
Fruits,9.8,81.2,1.2,1
Meat,6.7,79.3,2.03,1
Vegetables,9.7,85.5,3.08,1
Eggs,6.0,59.3,0.83,0
Eggs,9.3,55.4,2.64,1
Eggs,3.7,61.5,3.25,1
Meat,2.4,75.0,3.16,1
Meat,0.4,84.1,0.21,0
Vegetables,9.2,85.4,3.99,1
Eggs,5.7,54.0,2.36,0
Milk,7.4,69.2,0.11,1
Fruits,8.3,87.5,3.4,1
Fruits,6.1,85.0,0.68,0
Eggs,8.6,63.5,4.57,1
Fruits,7.2,89.2,0.6,1
Fruits,10.8,86.5,1.53,1
Vegetables,5.1,85.2,0.44,1
Fruits,12.4,87.0,2.16,1
Meat,4.4,88.6,1.24,1
Milk,3.2,77.5,1.52,0
Meat,1.6,85.4,0.72,1
Meat,5.5,89.1,3.59,1
Eggs,3.0,68.7,4.55,1
Milk,3.4,63.7,0.88,0
Fruits,8.0,72.1,3.07,1
Meat,6.9,77.0,4.65,1
Eggs,8.4,53.9,0.36,1
Eggs,3.9,51.9,0.98,0
Milk,7.7,89.6,1.51,1
Eggs,4.5,55.7,2.03,0
Fruits,5.4,86.0,1.26,1
Meat,3.9,83.3,3.43,1
Vegetables,6.8,90.9,3.23,1
Vegetables,2.3,93.5,0.16,1
Fruits,13.2,80.6,4.38,1
Vegetables,11.2,89.5,0.78,1
Meat,4.0,80.3,3.06,1
Vegetables,10.6,81.1,1.18,1
Fruits,7.1,87.8,4.67,1
Milk,5.9,76.9,2.52,1
Vegetables,6.2,80.8,3.61,1
Vegetables,10.6,90.6,0.07,1
Meat,4.6,83.0,3.07,1
Fruits,14.9,87.8,1.33,1
Eggs,5.2,56.4,4.29,1
Milk,5.9,81.7,0.73,0
Milk,4.4,73.1,4.51,1
Milk,7.7,61.0,4.94,1
Meat,6.4,74.3,3.03,1
Eggs,8.3,68.7,4.63,1
Eggs,8.3,55.7,4.71,1
Milk,7.1,86.5,0.08,1
Eggs,2.5,66.6,3.14,1
Vegetables,11.6,93.8,0.84,1
Milk,8.5,85.6,1.18,1
Milk,9.4,89.4,3.7,1
Milk,6.5,79.2,3.71,1
Eggs,9.6,59.8,4.47,1
Milk,9.0,74.8,0.26,1
Fruits,10.5,84.5,0.83,1
Fruits,7.5,71.4,2.6,1
Eggs,4.0,69.7,3.82,1
Milk,2.7,62.1,2.15,0
Milk,8.6,70.5,0.03,1
Vegetables,8.2,96.9,2.89,1
Eggs,2.1,58.7,2.05,0
Fruits,11.8,77.8,0.27,1
Eggs,5.2,56.2,2.38,0
Fruits,13.3,78.9,2.24,1
Fruits,9.0,86.3,1.74,1
Fruits,12.8,82.4,0.99,1
Fruits,7.8,72.4,3.01,1
Fruits,12.8,87.7,0.14,1
Vegetables,2.3,93.2,1.21,1
Vegetables,8.4,87.2,4.78,1
Vegetables,11.9,96.8,2.78,1
Fruits,9.2,81.2,3.96,1
Milk,8.1,79.8,1.97,1
Eggs,4.1,67.7,3.22,1
Fruits,11.7,80.5,1.95,1
Meat,3.3,79.8,4.38,1
Vegetables,2.5,97.7,3.04,1
Fruits,9.8,79.4,0.39,1
Meat,5.1,74.9,3.24,1
Milk,5.8,77.9,3.44,1
Meat,0.9,84.7,2.94,1
Vegetables,11.4,80.9,3.5,1
Milk,10.0,83.5,1.9,1
Eggs,4.5,50.2,3.85,1
Fruits,11.8,81.5,3.01,1
Eggs,5.6,52.8,3.75,1
Eggs,8.6,52.2,1.92,1
Meat,4.6,93.2,4.91,1
Meat,5.4,87.3,0.15,1
Fruits,5.4,71.2,4.78,1
Eggs,9.4,53.7,2.12,1
Meat,1.2,83.5,0.57,0
Meat,1.4,74.3,1.9,0
Meat,1.4,77.8,3.04,1
Vegetables,9.6,94.6,3.7,1
Vegetables,3.1,80.2,2.45,0
Milk,5.1,63.9,3.66,1
Fruits,10.5,77.6,0.86,1
Eggs,3.0,55.2,3.86,1
Eggs,5.2,57.5,3.56,1
Eggs,7.5,58.4,2.74,1
Milk,5.9,65.3,4.87,1
Fruits,11.1,71.9,2.75,1
Vegetables,3.5,93.9,2.15,1
Fruits,14.9,85.7,3.06,1
Milk,8.4,60.1,2.78,1
Fruits,13.8,77.4,4.16,1
Eggs,8.3,61.2,1.22,1
Eggs,9.5,54.8,0.44,1
Eggs,6.8,61.8,1.55,0
Milk,6.6,72.9,2.67,1
Milk,6.8,87.5,2.09,1
Eggs,7.3,68.2,3.71,1
Milk,2.2,88.2,3.42,1
Eggs,2.9,53.7,0.78,0
Vegetables,4.4,82.0,0.08,0
Eggs,2.8,58.6,2.47,0
Eggs,8.8,56.3,3.41,1
Milk,9.2,61.7,3.58,1
Fruits,9.2,83.9,0.16,1
Eggs,7.5,51.6,0.03,1
Vegetables,9.5,81.8,3.42,1
Milk,4.4,86.2,2.96,1
Eggs,9.2,51.8,4.77,1
Meat,5.6,84.8,0.67,0
Vegetables,3.5,85.8,1.41,1
Meat,5.5,78.0,3.41,1
Vegetables,6.9,87.3,3.53,1
Meat,4.5,78.3,2.82,1
Vegetables,6.0,96.2,3.1,1
Milk,5.0,74.5,1.71,0
Eggs,5.6,64.7,0.23,0
Eggs,2.4,50.7,0.92,0
Eggs,8.1,56.4,3.24,1
Milk,7.3,83.9,2.38,1
Vegetables,11.4,85.5,0.42,1
Meat,7.6,91.3,2.05,1
Milk,5.4,87.1,2.09,1
Eggs,2.8,58.0,1.74,0
Fruits,14.8,85.6,2.34,1
Eggs,2.8,65.3,0.53,0
Eggs,7.9,69.3,3.31,1
Eggs,3.7,64.4,1.89,0
Meat,0.7,78.6,4.49,1
Milk,9.4,76.7,4.13,1
Milk,7.0,63.7,2.33,0
Meat,4.3,90.6,1.42,1
Milk,3.5,74.5,0.12,0
Milk,9.4,70.3,4.57,1
Eggs,8.7,69.1,2.59,1
Milk,8.8,77.3,1.5,1
Meat,3.2,76.2,2.44,0
Milk,5.6,70.5,4.32,1
Vegetables,9.9,91.6,3.79,1
Milk,9.5,63.7,4.45,1
Eggs,4.4,68.3,4.79,1
Fruits,10.9,80.5,1.05,1
Fruits,8.4,70.6,2.13,0
Meat,7.5,88.7,1.96,1
Vegetables,7.7,93.5,2.37,1
Vegetables,5.3,86.2,0.79,1
Vegetables,9.4,95.3,2.99,1
Meat,3.1,80.1,2.81,1
Milk,9.4,86.3,0.66,1
Milk,4.3,88.2,4.09,1
Eggs,5.3,67.3,2.77,1
Milk,8.2,84.7,3.14,1
Meat,2.7,78.7,2.18,0
Meat,3.7,80.9,4.75,1
Milk,3.8,67.4,2.0,0
Meat,1.5,76.0,4.59,1
Meat,7.5,81.7,1.81,1
Milk,7.8,68.8,1.47,1
Milk,8.4,79.0,3.16,1
Eggs,7.1,67.9,0.96,1
Eggs,4.2,63.1,1.44,0
Eggs,4.4,67.7,3.84,1
Vegetables,2.1,95.5,2.49,1
Meat,3.6,88.7,1.27,1
Milk,9.1,85.0,2.28,1
Fruits,7.1,82.9,4.78,1
Fruits,7.8,81.8,4.58,1
Vegetables,3.2,96.3,0.51,1
Meat,7.8,87.4,4.44,1
Fruits,5.1,73.8,2.61,1
Meat,1.0,75.9,3.37,1
Meat,6.4,90.2,0.52,1
Milk,9.9,71.0,1.9,1
Fruits,9.7,83.0,3.35,1
Eggs,4.5,68.6,0.15,0
Fruits,12.1,88.2,3.48,1
Fruits,13.7,80.9,4.34,1
Meat,7.2,80.2,2.32,1
Vegetables,4.0,93.0,3.95,1
Vegetables,9.1,90.3,0.69,1
Fruits,13.2,77.0,1.65,1
Milk,2.8,71.1,3.34,1
Eggs,3.6,55.6,1.79,0
Meat,6.6,71.8,1.84,1
Fruits,14.7,73.3,0.49,1
Meat,1.9,92.9,3.03,1
Meat,0.1,76.3,4.5,1
Eggs,2.4,63.2,0.59,0
Vegetables,8.1,85.4,4.0,1
Fruits,13.5,88.5,4.15,1
Meat,1.3,72.9,0.55,0
Fruits,12.1,76.1,4.72,1
Eggs,6.6,63.6,4.06,1
Eggs,2.8,65.2,1.51,0
Vegetables,7.7,95.5,4.71,1
Eggs,2.2,69.7,3.72,1
Milk,6.5,64.2,4.74,1
Meat,2.0,71.3,3.06,1
Eggs,7.3,63.7,3.33,1
Meat,1.9,76.2,4.62,1
Vegetables,4.2,89.4,1.22,1
Milk,5.8,66.4,1.63,0
Milk,9.2,76.2,0.39,1
Milk,8.0,73.9,1.35,1
Eggs,4.7,54.9,4.07,1
Meat,3.3,81.5,3.67,1
Vegetables,7.4,87.1,2.83,1
Vegetables,3.6,89.3,1.04,1
Eggs,4.6,56.8,1.87,0
Milk,3.6,76.5,3.16,1
Meat,4.2,86.3,4.73,1
Meat,6.9,81.2,1.26,1
Vegetables,4.3,95.8,2.29,1
Vegetables,4.1,87.0,4.77,1
Milk,5.5,87.7,3.94,1
Eggs,5.8,68.9,4.09,1
Meat,5.2,82.9,1.12,0
Milk,8.6,86.0,3.67,1
Meat,5.9,73.3,0.0,0
Eggs,5.5,51.2,3.37,1
Eggs,4.2,54.0,1.31,0
Milk,8.8,86.2,4.92,1
Meat,4.1,73.5,4.75,1
Vegetables,2.1,92.4,0.97,1
Vegetables,3.1,91.7,4.55,1
Fruits,12.7,72.4,4.59,1
Meat,1.3,88.5,4.21,1
Meat,3.5,85.2,1.91,1
Meat,2.7,76.6,3.11,1
Eggs,7.9,50.9,4.27,1
Eggs,5.6,67.4,2.78,1
Milk,6.6,89.2,1.2,1
Meat,7.7,89.6,0.62,1
Vegetables,4.9,83.0,1.53,0
Milk,5.7,88.3,0.38,1
Eggs,4.9,69.7,0.35,0
Fruits,8.6,81.1,0.97,0
Milk,5.5,88.2,3.81,1
Milk,8.7,83.0,0.17,1
Meat,7.4,89.0,0.4,1
Eggs,4.4,65.9,4.54,1
Vegetables,4.7,90.5,2.08,1
Meat,1.7,82.2,4.01,1
Eggs,7.5,64.7,1.72,1
Fruits,12.7,88.8,2.33,1
Meat,2.6,81.7,4.78,1
Fruits,10.3,76.0,4.74,1
Milk,2.3,76.5,0.29,0
Fruits,11.7,89.2,1.77,1
Milk,8.5,88.8,3.86,1
Fruits,4.2,83.2,2.45,0
Milk,6.5,78.4,2.79,1
Eggs,4.2,50.2,0.12,0
Vegetables,5.8,87.8,0.86,1
Milk,3.8,70.6,4.54,1
Vegetables,2.3,84.8,2.48,0
Fruits,11.1,71.7,0.7,1
Eggs,7.3,68.3,4.57,1
Fruits,11.7,87.8,0.48,1
Milk,8.3,78.8,1.51,1
Fruits,10.0,70.4,2.51,1
Milk,4.0,61.2,0.51,0
Milk,4.5,86.8,0.36,1
Vegetables,11.5,82.2,4.11,1
Meat,7.3,71.4,3.18,1
Vegetables,3.2,92.9,0.46,1
Vegetables,5.8,83.5,4.5,1
Eggs,3.5,53.3,4.79,1
Fruits,12.8,89.1,3.39,1
Eggs,9.7,54.0,2.39,1
Vegetables,3.9,88.3,4.69,1
Vegetables,6.8,95.2,4.89,1
Milk,2.9,80.1,4.88,1
Meat,4.4,94.8,4.42,1
Fruits,6.3,75.6,3.42,1
Meat,0.9,84.0,0.11,0
Vegetables,11.2,94.2,1.93,1
Eggs,8.6,60.5,2.53,1
Eggs,5.1,67.0,3.83,1
Milk,4.9,65.4,4.93,1
Vegetables,8.5,89.7,2.61,1
Eggs,3.6,53.1,3.37,1
Milk,9.3,89.8,3.07,1
Vegetables,3.7,82.2,1.78,0
Meat,4.0,92.2,2.71,1
Meat,5.6,84.1,2.37,0
Milk,3.6,63.9,2.88,1
Vegetables,3.2,80.1,1.61,0
Milk,4.7,65.7,0.84,0
Fruits,10.4,75.3,1.96,1
Vegetables,11.1,93.2,4.3,1
Eggs,5.5,68.7,0.26,0
Meat,0.7,71.4,3.26,1
Milk,5.7,78.1,2.78,1
Fruits,9.1,89.5,0.73,1
Meat,6.4,88.8,3.56,1
Fruits,10.2,82.0,2.33,1
Meat,1.9,73.1,3.54,1
Milk,4.5,74.0,0.53,0
Meat,2.3,77.1,4.46,1
Eggs,5.5,56.2,4.55,1
Fruits,11.2,73.3,0.03,1
Milk,5.6,61.1,2.83,1
Eggs,3.6,64.9,3.1,1
Eggs,3.9,52.8,3.97,1
Fruits,4.7,86.8,4.53,1
Milk,7.7,71.1,4.82,1
Eggs,2.8,55.6,0.75,0
Eggs,6.0,53.9,3.69,1
Vegetables,3.3,91.1,1.73,1
Fruits,11.4,72.0,4.57,1
Milk,4.4,63.2,1.18,0
Vegetables,4.1,82.3,3.7,1
Fruits,7.1,80.8,4.35,1
Vegetables,9.0,89.2,0.98,1
Eggs,4.1,57.3,2.42,0
Fruits,12.7,88.9,3.93,1
Vegetables,2.1,95.1,1.02,1
Milk,8.9,70.1,4.48,1
Meat,3.1,77.2,1.03,0
Vegetables,8.6,95.7,2.69,1
Vegetables,4.5,89.3,1.17,1
Fruits,7.5,82.4,0.45,0
Eggs,5.2,56.0,2.1,0
Fruits,9.6,88.5,0.74,1
Fruits,12.6,89.0,3.9,1
Vegetables,10.5,91.8,1.97,1
Fruits,13.5,88.1,1.82,1
Vegetables,4.2,81.1,4.54,1
Milk,4.6,81.8,2.71,1
Milk,4.5,67.6,3.15,1
Fruits,8.4,78.8,4.54,1
Vegetables,7.4,80.7,3.34,1
Eggs,9.5,64.1,2.67,1
Eggs,2.9,68.4,0.66,0
Milk,7.2,75.8,3.95,1
Vegetables,2.6,94.5,3.32,1
Vegetables,6.1,85.9,3.22,1
Eggs,7.8,58.1,4.84,1
Meat,3.5,90.3,0.53,1
Meat,7.5,86.3,1.09,1
Vegetables,4.0,81.1,0.39,0
Meat,4.2,79.0,1.52,0
Fruits,9.3,80.0,4.32,1
Eggs,3.4,67.2,4.72,1
Vegetables,6.1,90.1,2.41,1
Milk,4.7,89.1,3.09,1
Fruits,12.2,80.6,0.29,1
Meat,3.9,82.8,4.81,1
Vegetables,10.2,83.3,1.19,1
Fruits,12.3,80.5,0.16,1
Milk,3.0,85.5,4.56,1
Eggs,3.2,60.7,1.82,0
Fruits,5.4,78.8,0.53,0
Eggs,3.1,59.1,2.18,0
Milk,8.5,61.9,3.13,1
Eggs,3.5,58.8,0.48,0
Fruits,12.5,78.2,3.06,1
Milk,9.1,76.6,0.19,1
Eggs,5.1,60.6,4.85,1
Eggs,9.5,56.5,3.37,1
Vegetables,6.4,89.8,1.36,1
Vegetables,3.0,86.4,4.39,1
Fruits,12.7,74.0,4.87,1
Meat,0.7,90.1,2.04,1
Milk,5.8,64.9,4.78,1
Meat,7.3,88.9,1.68,1
Milk,3.4,70.1,1.02,0
Vegetables,7.7,89.1,1.35,1
Meat,1.5,74.8,1.22,0
Eggs,9.8,59.7,3.52,1
Milk,9.8,77.4,2.57,1
Milk,4.8,79.1,0.63,0
Vegetables,6.5,82.0,4.83,1
Vegetables,5.1,81.0,2.28,0
Eggs,5.0,64.2,1.28,0
Milk,4.9,80.5,1.76,0
Milk,7.6,65.1,2.5,1
Vegetables,6.5,94.8,4.11,1
Meat,7.7,90.5,1.62,1
Milk,6.4,85.0,1.81,0
Milk,7.5,84.2,0.94,1
Fruits,8.8,87.0,0.97,1
Eggs,2.3,62.4,1.67,0
Fruits,13.8,86.9,1.05,1
Milk,5.0,88.3,1.35,1
Milk,4.1,85.7,2.98,1
Meat,0.4,71.9,1.08,0
Meat,4.9,89.0,4.31,1
Meat,2.9,92.1,4.24,1
Milk,2.7,68.9,4.39,1
Vegetables,2.2,95.2,4.76,1
Milk,8.0,79.7,1.27,1
Milk,3.3,65.8,1.69,0
Fruits,11.8,82.2,2.2,1
Meat,5.5,86.1,1.17,1
Fruits,11.9,72.5,1.66,1
Fruits,14.6,89.2,1.31,1
Meat,4.8,71.5,2.99,1
Milk,4.5,69.6,4.81,1
Meat,6.3,86.9,0.2,1
Meat,1.1,73.3,1.02,0
Vegetables,2.3,91.4,1.51,1
Meat,5.2,89.9,4.54,1
Vegetables,5.0,91.4,2.88,1
Vegetables,6.3,84.0,4.76,1
Eggs,5.4,58.1,3.27,1
Meat,4.7,95.0,0.61,1
Vegetables,11.6,83.2,0.84,1
Eggs,4.1,63.8,1.79,0
Eggs,5.4,65.0,4.87,1
Vegetables,11.7,81.2,1.61,1
Eggs,6.8,51.0,0.36,0
Milk,6.9,69.8,2.22,0
Milk,6.8,60.5,3.25,1
Vegetables,6.8,90.4,0.84,1
Fruits,10.1,80.8,3.38,1
Meat,7.5,88.7,1.24,1
Milk,9.7,65.0,2.73,1
Eggs,5.8,62.3,3.85,1
Fruits,9.5,86.8,3.23,1
Vegetables,4.5,81.2,3.21,1
Meat,6.0,76.4,1.44,0
Milk,9.6,73.0,4.21,1
Eggs,8.6,57.6,3.32,1
Eggs,5.6,67.8,3.48,1
Vegetables,10.6,90.0,0.34,1
Vegetables,8.8,80.3,1.62,1
Fruits,8.9,88.5,3.13,1
Meat,3.5,88.2,4.69,1
Vegetables,8.0,97.8,3.51,1
Fruits,5.1,74.2,2.56,1
Meat,5.4,82.9,0.42,0
Milk,3.0,76.2,2.63,1
Vegetables,4.3,96.6,2.73,1
Eggs,9.0,59.8,0.77,1
Eggs,8.6,57.2,1.88,1
Meat,3.0,88.6,0.6,1
Fruits,9.5,84.1,4.21,1
Meat,2.2,72.0,0.68,0
Meat,0.0,89.9,3.11,1
Milk,4.9,86.3,4.89,1
Fruits,10.3,78.7,3.79,1
Milk,2.7,77.9,0.23,0
Eggs,7.8,58.0,3.18,1
Meat,5.2,87.2,4.86,1
Eggs,4.4,52.5,3.43,1
Milk,4.3,74.4,3.3,1
Fruits,6.6,86.2,1.16,1
Meat,3.4,79.9,3.67,1
Milk,5.0,82.9,2.33,0
Vegetables,3.5,82.1,3.93,1
Fruits,11.2,79.4,0.64,1
Fruits,10.1,77.5,3.44,1
Meat,2.0,88.6,2.16,1
Meat,1.0,92.7,2.33,1
Eggs,6.7,53.9,4.71,1
Fruits,4.4,74.1,3.63,1
Eggs,9.6,56.1,4.84,1
Vegetables,4.4,88.6,3.65,1
Vegetables,8.4,81.7,4.76,1
Fruits,6.3,71.7,2.52,1
Fruits,5.1,74.0,0.32,0
Fruits,9.2,86.4,3.49,1
Meat,3.4,93.7,1.88,1
Milk,2.8,76.9,0.9,0
Eggs,3.0,61.8,4.84,1
Eggs,7.6,51.6,1.87,1
Eggs,7.1,64.1,4.93,1
Milk,9.5,78.6,2.64,1
Meat,4.1,87.1,4.42,1
Milk,9.3,60.5,0.98,1
Meat,6.0,75.9,0.62,0
Milk,6.5,72.0,0.52,0
Fruits,5.4,85.2,2.47,1
Meat,3.8,94.6,2.84,1
Eggs,6.1,51.1,2.79,1
Meat,2.2,71.9,4.47,1
Meat,2.9,71.8,3.71,1
Milk,3.1,81.2,1.98,0
Milk,8.0,82.1,1.04,1
Fruits,12.0,78.6,0.49,1
Eggs,7.3,51.2,3.04,1
Milk,6.1,78.8,1.97,0
Meat,4.1,74.8,2.3,0
Eggs,3.8,60.5,3.3,1
Fruits,8.1,87.1,2.86,1
Meat,6.7,79.3,2.29,1
Fruits,11.8,88.2,0.17,1
Meat,4.3,82.3,2.75,1
Eggs,7.9,52.1,3.48,1
Eggs,2.7,50.9,1.62,0
Fruits,13.7,71.4,3.75,1
Milk,3.4,65.3,3.42,1
Eggs,6.5,65.3,3.11,1
Vegetables,7.3,85.7,3.66,1
Vegetables,6.1,96.8,1.07,1
Milk,5.3,80.4,1.39,0
Vegetables,4.9,91.3,4.69,1
Fruits,10.7,80.7,2.47,1
Milk,5.9,86.8,1.43,1
Milk,6.1,88.6,1.94,1
Eggs,8.6,63.6,1.72,1
Eggs,8.1,63.2,4.62,1
Vegetables,11.0,95.6,4.23,1
Fruits,4.8,73.8,4.38,1
Milk,6.4,70.1,2.54,1
Eggs,4.3,55.5,2.66,1
Fruits,9.3,76.1,2.52,1
Vegetables,3.5,93.5,3.57,1
Milk,3.5,85.8,0.36,1
Eggs,4.3,60.9,3.87,1
Vegetables,8.8,97.8,3.77,1
Fruits,7.6,83.0,2.03,0
Vegetables,2.6,87.6,3.72,1
Eggs,4.4,60.9,0.76,0
Eggs,3.0,62.1,3.0,1
Vegetables,6.1,82.9,0.52,0
Eggs,9.4,64.2,3.01,1
Eggs,4.4,51.0,4.97,1
Milk,6.8,65.5,1.62,0
Vegetables,8.8,96.4,2.61,1
Meat,3.1,81.6,3.16,1
Vegetables,11.8,91.6,0.81,1
Eggs,7.0,69.9,4.26,1
Vegetables,3.1,93.1,4.32,1
Milk,8.2,84.5,1.26,1
Eggs,5.8,59.1,1.22,0
Vegetables,8.2,88.6,3.39,1
Fruits,5.1,85.5,0.45,1
Vegetables,6.2,90.3,1.6,1
Eggs,7.8,59.6,3.8,1
Milk,8.0,82.5,0.93,1
Milk,9.1,66.3,2.04,1
Vegetables,3.4,91.2,4.42,1
Eggs,8.9,69.2,0.38,1
Milk,5.4,65.0,4.36,1
Eggs,2.8,55.4,2.7,1
Milk,6.5,80.6,1.02,0
Vegetables,4.5,89.1,4.46,1
Eggs,5.2,66.2,4.34,1
Milk,7.8,62.5,2.67,1
Fruits,11.3,82.7,3.46,1
Meat,5.8,75.7,4.5,1
Meat,4.2,85.9,3.3,1
Meat,7.8,82.1,3.67,1
Vegetables,11.3,87.9,3.96,1
Meat,5.4,86.5,3.62,1
Fruits,8.4,84.2,1.39,0
Meat,5.3,76.4,3.9,1
Vegetables,6.1,89.7,2.43,1
Meat,1.3,78.3,2.77,1
Vegetables,6.6,94.2,0.73,1
Eggs,7.4,54.6,1.71,1
Fruits,9.6,71.4,2.51,1
Milk,9.5,77.0,4.75,1
Vegetables,3.8,90.4,2.64,1
Vegetables,8.8,86.6,0.66,1
Meat,4.6,83.6,1.07,0
Meat,3.3,91.5,0.52,1
Meat,6.5,81.8,0.02,1
Milk,6.7,66.8,3.04,1
Vegetables,8.1,83.3,1.83,1
Milk,2.5,74.3,4.31,1
Milk,2.4,89.5,4.36,1
Eggs,7.0,57.1,3.76,1
Fruits,5.3,87.6,3.63,1
Fruits,10.1,88.9,2.03,1
Vegetables,7.4,89.2,4.92,1
Fruits,13.2,79.3,0.18,1
Meat,0.9,83.1,4.56,1
Meat,3.5,75.2,2.76,1
Meat,6.9,82.7,4.85,1
Eggs,5.3,52.2,0.01,0
Vegetables,10.9,92.7,1.32,1
Eggs,4.3,66.7,0.73,0
Vegetables,9.4,93.7,0.31,1
Fruits,5.6,88.6,4.56,1
Vegetables,10.2,96.3,0.54,1
Eggs,4.4,61.5,4.15,1
Milk,3.5,79.8,0.46,0
Milk,3.7,75.2,2.57,1
Milk,10.0,89.3,4.83,1
Eggs,3.2,62.6,0.36,0
Eggs,5.2,62.9,4.59,1
Vegetables,3.1,89.8,4.45,1
Vegetables,4.0,82.9,1.05,0
Fruits,14.7,78.1,3.49,1
Meat,1.0,79.2,1.11,0
Vegetables,10.9,82.8,3.73,1
Meat,7.8,72.0,3.34,1
Vegetables,3.8,91.0,3.59,1
Fruits,4.3,74.2,0.06,0
Vegetables,8.3,88.6,4.15,1
Eggs,5.0,60.4,0.67,0
Vegetables,8.1,96.0,1.48,1
Fruits,13.6,84.4,0.65,1
Fruits,7.7,78.7,1.9,0
Vegetables,8.3,97.2,3.52,1
Vegetables,5.9,92.9,3.96,1
Fruits,4.7,71.6,4.62,1
Milk,5.1,87.8,4.41,1
Fruits,10.2,82.1,3.98,1
Eggs,5.8,58.7,4.63,1
Fruits,6.9,87.8,3.85,1
Milk,5.1,79.4,4.85,1
Milk,3.2,64.1,2.1,0
Vegetables,7.3,97.5,0.98,1
Fruits,5.4,83.4,0.69,0
Vegetables,5.0,82.5,3.5,1
Eggs,7.3,62.1,1.27,1
Fruits,14.3,86.6,2.02,1
Meat,4.5,76.4,3.93,1
Eggs,8.9,69.2,2.07,1
Meat,1.8,77.5,0.4,0
Vegetables,10.6,91.9,1.96,1
Meat,6.5,84.5,0.63,1
Eggs,2.7,67.2,4.49,1
Vegetables,3.2,92.9,0.86,1
Vegetables,11.4,96.9,3.11,1
Milk,6.0,78.5,0.28,0
Meat,6.2,71.6,1.71,1
Milk,7.2,66.7,0.78,1
Fruits,10.6,81.5,4.41,1
Meat,0.7,80.6,4.6,1
Vegetables,9.5,85.2,4.39,1
Vegetables,6.1,91.5,1.07,1
Milk,2.5,80.7,0.99,0
Fruits,14.7,89.3,0.05,1
Eggs,2.5,54.2,1.66,0
Milk,9.6,89.2,4.83,1
Milk,4.1,61.9,2.57,1
Meat,7.7,82.0,3.74,1
Eggs,4.0,57.3,0.31,0
Meat,2.2,94.9,0.75,1
Meat,2.9,84.2,2.78,1
Vegetables,2.3,83.0,4.45,1
Vegetables,8.5,83.7,0.7,1
Meat,3.3,91.0,3.01,1
Meat,7.3,70.3,4.95,1
Meat,6.4,76.8,1.96,1
Eggs,3.5,59.6,2.3,0
Eggs,2.3,58.2,3.55,1
Fruits,9.0,77.5,3.19,1
Fruits,11.1,89.8,2.78,1
Milk,5.8,60.5,1.03,0
Milk,7.9,88.1,1.61,1
Fruits,5.0,77.1,4.07,1
Vegetables,3.3,94.3,3.53,1
Eggs,8.2,67.7,4.88,1
Fruits,5.3,81.1,3.98,1
Milk,7.7,65.5,0.98,1
Milk,3.9,88.6,3.97,1
Meat,5.1,72.9,2.41,0
Fruits,15.0,74.1,1.33,1
Meat,5.6,70.3,3.0,1
Meat,0.5,91.4,2.61,1
Fruits,9.3,85.7,4.84,1
Meat,0.4,75.4,1.56,0
Milk,3.0,76.3,3.93,1
Milk,9.0,75.0,2.22,1
Fruits,10.6,85.0,4.47,1
Eggs,4.2,67.7,1.93,0
Eggs,5.1,64.3,3.44,1
Milk,3.3,86.8,4.52,1
Eggs,7.6,67.1,1.98,1
Meat,2.7,72.3,2.54,1
Milk,4.2,82.8,0.44,0
Fruits,8.2,77.6,3.68,1
Meat,0.2,72.7,2.28,0
Eggs,7.7,65.8,2.5,1
Fruits,13.8,77.0,0.04,1
Fruits,6.9,71.1,2.23,0
Eggs,8.2,55.8,3.0,1
Milk,7.9,67.8,2.64,1
Fruits,7.7,79.9,4.72,1
Meat,3.3,76.5,3.42,1
Milk,8.4,86.9,0.44,1
Eggs,7.0,67.0,4.74,1
Vegetables,6.1,87.1,1.17,1
Vegetables,4.4,85.2,0.27,1
Fruits,6.4,70.2,0.8,0
Milk,2.5,69.6,4.01,1
Meat,5.5,79.5,2.0,0
Vegetables,11.9,91.2,2.41,1
Vegetables,11.8,87.2,1.16,1
Fruits,5.5,77.0,0.78,0
Milk,4.6,68.4,3.19,1
Milk,8.7,60.1,1.99,1
Fruits,7.9,80.8,4.21,1
Milk,4.9,74.6,1.5,0
Vegetables,11.9,83.8,1.53,1
Meat,3.8,93.6,0.27,1
Eggs,4.5,64.7,4.66,1
Fruits,6.7,79.9,1.89,0
Eggs,4.2,54.8,1.68,0
Meat,7.3,84.9,4.86,1
Vegetables,9.8,88.2,3.78,1
Fruits,12.0,78.7,2.18,1
Fruits,7.9,82.4,3.65,1
Eggs,9.1,53.0,2.47,1
Meat,0.6,92.1,0.43,1
Fruits,12.8,84.5,0.79,1
Meat,0.5,74.1,1.58,0
Eggs,9.0,57.7,3.57,1
Eggs,2.1,52.4,1.17,0
Eggs,3.0,61.5,4.7,1
Milk,5.4,63.8,4.39,1
Meat,7.1,85.2,2.49,1
Eggs,9.0,56.1,3.64,1
Fruits,13.0,81.1,3.13,1
Milk,9.8,82.0,0.73,1
Milk,4.5,64.1,3.93,1
Meat,7.1,77.1,4.72,1
Milk,9.0,82.9,4.82,1
Meat,2.5,84.4,1.83,0
Meat,4.9,89.8,0.53,1
Eggs,9.2,69.1,0.04,1
Fruits,14.0,86.0,3.96,1
Vegetables,6.4,90.1,2.36,1
Meat,2.5,81.6,0.99,0
Milk,7.8,68.3,1.68,1
Vegetables,3.0,84.5,3.63,1
Vegetables,7.3,83.5,4.24,1
Vegetables,4.4,95.1,2.29,1
Fruits,5.8,79.9,0.19,0
Fruits,7.0,74.4,4.02,1
Vegetables,4.4,90.9,3.33,1
Eggs,4.0,58.2,2.76,1
Eggs,9.0,67.1,1.62,1
Eggs,9.1,59.1,4.41,1
Milk,2.1,77.8,2.47,0
Meat,4.2,85.2,2.41,1
Milk,8.4,76.8,2.08,1
Milk,9.7,65.8,4.91,1
Milk,3.8,76.1,3.28,1
Fruits,8.6,86.6,2.11,1
Milk,7.4,60.2,3.95,1
Vegetables,2.4,91.6,2.63,1
Eggs,7.6,56.8,0.59,1
Fruits,13.8,70.2,0.38,1
Meat,2.6,93.9,0.72,1
Meat,5.3,90.5,3.21,1
Meat,4.4,86.3,3.39,1
Meat,3.0,85.1,3.37,1
Meat,7.0,83.3,3.73,1
Fruits,8.9,88.6,1.54,1
Eggs,3.8,60.4,1.69,0
Meat,4.1,78.9,0.83,0
Fruits,4.7,81.3,2.06,0
Fruits,8.4,86.1,4.22,1
Fruits,10.9,84.7,2.34,1
Vegetables,3.5,81.1,0.94,0
Meat,3.6,85.2,0.02,1
Eggs,5.1,57.4,2.01,0
Fruits,5.7,80.3,0.97,0
Vegetables,7.9,95.2,3.38,1
Vegetables,4.3,86.8,0.25,1
Meat,5.0,88.1,1.47,1
Fruits,5.2,83.0,4.21,1
Milk,7.1,88.1,3.73,1
Milk,5.9,82.8,1.25,0
Meat,3.4,75.9,1.1,0
Fruits,12.4,71.0,3.34,1
Fruits,6.3,84.3,0.35,0
Vegetables,8.0,92.0,2.58,1
Vegetables,4.5,94.5,3.55,1
Vegetables,6.2,89.5,4.33,1
Milk,2.4,73.1,1.39,0
Meat,2.3,80.5,4.36,1
Vegetables,4.2,82.7,4.15,1
Meat,5.7,83.1,3.28,1
Fruits,12.3,78.5,3.42,1
Meat,4.5,73.0,3.24,1
Fruits,14.9,71.9,2.83,1
Eggs,9.7,68.7,4.17,1
Meat,7.8,77.3,1.56,1
Meat,5.4,71.4,1.59,0
Eggs,2.4,67.3,4.17,1
Meat,2.1,88.8,1.12,1
Meat,5.6,92.6,3.25,1
Eggs,9.6,50.2,2.15,1
Fruits,9.2,86.5,1.51,1
Vegetables,8.3,96.6,3.69,1
Eggs,6.2,50.4,2.0,0
Milk,5.2,73.0,4.43,1
Milk,9.9,76.3,3.43,1
Eggs,7.7,61.9,1.07,1
Fruits,10.8,84.2,4.15,1
Eggs,6.5,63.2,2.65,1
Eggs,3.6,52.8,4.97,1
Milk,6.6,62.8,0.22,0
Milk,6.0,80.8,3.42,1
Vegetables,4.2,96.3,3.17,1
Meat,2.5,93.3,0.04,1
Meat,6.8,76.1,1.54,1
Vegetables,8.2,94.3,2.83,1
Fruits,4.2,79.5,3.76,1
Vegetables,4.0,97.3,3.89,1
Meat,1.7,88.1,1.53,1
Meat,5.6,77.5,0.36,0
Vegetables,8.5,81.3,0.84,1
Vegetables,9.8,97.9,3.62,1
Milk,2.1,71.3,0.75,0
Meat,7.6,88.4,3.88,1
Eggs,3.0,66.7,1.24,0
Fruits,14.8,86.7,0.68,1
Milk,5.5,84.4,0.58,0
Fruits,6.7,84.0,1.42,0
Fruits,7.8,71.0,1.74,0
Meat,3.7,85.4,0.38,1
Vegetables,5.1,87.3,1.13,1
Eggs,9.0,51.2,3.97,1
Vegetables,9.1,97.4,3.15,1
Eggs,8.4,65.3,3.96,1
Vegetables,5.7,87.9,2.28,1
Vegetables,5.5,95.0,1.75,1
Vegetables,4.6,83.7,4.22,1
Milk,6.0,79.4,0.6,0
Meat,0.4,70.1,4.94,1
Fruits,10.3,81.1,1.75,1
Meat,0.6,78.8,4.13,1
Eggs,5.0,54.8,0.69,0
Milk,3.7,67.2,2.99,1
Vegetables,6.9,93.3,0.76,1
Fruits,7.3,77.2,4.07,1
Meat,2.5,90.1,0.13,1
Milk,9.8,87.2,2.59,1
Fruits,8.8,85.9,0.16,1
Eggs,2.7,56.8,3.98,1
Meat,1.2,71.5,0.92,0
Eggs,7.4,60.6,4.86,1
Meat,4.7,86.7,2.48,1
Milk,2.8,77.1,0.58,0
Milk,9.8,69.5,3.81,1
Milk,2.7,61.0,3.36,1
Vegetables,7.8,85.1,0.75,1
Fruits,11.9,89.7,2.8,1
Fruits,7.9,85.7,1.68,1
Eggs,8.9,63.9,2.97,1
Meat,4.4,93.0,3.92,1
Milk,7.2,64.0,3.61,1
Milk,4.8,70.0,4.44,1
Meat,2.2,70.4,1.47,0
Vegetables,5.2,92.9,3.18,1
Milk,8.3,76.2,2.08,1
Eggs,3.5,55.4,0.69,0
Milk,3.7,84.5,2.68,1
Vegetables,6.6,81.6,2.57,1
Fruits,5.7,73.5,1.82,0
Meat,7.3,83.1,4.81,1
Meat,4.1,77.6,1.65,0
Meat,3.9,92.2,2.21,1
Eggs,2.7,60.0,1.05,0
Eggs,9.6,51.1,2.11,1
Eggs,7.9,66.6,1.37,1
Vegetables,5.2,95.7,3.74,1
Meat,1.8,87.4,2.93,1
Fruits,8.8,74.5,1.33,0
Vegetables,5.1,90.5,0.58,1
Milk,3.7,80.3,2.62,1
Meat,2.5,79.6,0.81,0
Meat,6.9,84.6,4.02,1
Meat,3.8,88.4,4.88,1
Meat,0.1,94.2,0.54,1
Vegetables,3.8,80.0,3.87,1
Eggs,5.1,63.7,3.42,1
Milk,3.3,60.3,3.75,1
Meat,6.4,77.8,0.81,1
Milk,5.6,79.4,4.82,1
Fruits,7.9,82.6,3.87,1
Vegetables,4.7,89.7,1.75,1
Milk,9.0,72.7,3.33,1
Eggs,9.6,53.8,1.47,1
Milk,7.0,79.1,2.01,0
Milk,6.6,88.9,2.2,1
Vegetables,5.4,81.1,4.99,1
Meat,3.9,76.9,4.53,1
Meat,7.7,93.6,0.44,1
Milk,6.6,71.1,4.19,1
Milk,8.3,87.2,1.15,1
Milk,7.4,68.3,0.24,1
Milk,8.5,64.2,0.5,1
Milk,4.0,84.1,3.56,1
Vegetables,6.6,85.0,3.66,1
Vegetables,5.6,84.0,3.16,1
Eggs,2.0,58.5,4.08,1
Milk,7.8,75.1,4.21,1
Milk,7.8,81.6,4.79,1
Fruits,13.2,79.1,0.24,1
Vegetables,2.6,92.9,0.02,1
Meat,2.6,71.2,4.02,1
Eggs,7.6,54.0,3.41,1
Eggs,2.2,51.9,2.12,0
Eggs,3.3,61.3,0.29,0
Meat,6.7,81.3,3.47,1
Milk,2.3,89.9,2.75,1
Milk,5.5,77.2,1.32,0
Eggs,5.9,59.5,1.75,0
Eggs,7.4,63.3,3.0,1
Fruits,11.7,75.3,1.59,1
Fruits,10.4,88.9,1.64,1
Eggs,6.2,60.0,3.58,1
Vegetables,8.3,92.4,1.31,1
Eggs,2.2,67.9,3.54,1
Milk,9.2,72.4,2.61,1
Vegetables,5.8,84.3,2.1,0
Eggs,5.4,55.1,1.7,0
Eggs,6.0,61.0,0.04,0
Eggs,4.1,50.1,4.24,1
Meat,6.9,88.8,3.84,1
Vegetables,5.7,94.3,2.03,1
Fruits,13.8,74.0,2.23,1
Fruits,7.6,70.4,3.09,1
Vegetables,4.0,91.2,3.78,1
Eggs,5.0,63.5,1.34,0
Fruits,6.9,72.6,0.6,0
Meat,3.5,88.2,0.93,1
Fruits,4.0,76.6,0.27,0
Meat,4.0,88.6,1.03,1
Eggs,7.0,60.1,3.51,1
Fruits,6.0,78.5,4.01,1
Meat,3.7,93.5,4.29,1
Meat,3.4,72.7,1.34,0
Eggs,8.3,53.8,3.86,1
Vegetables,2.0,82.1,1.49,0
Fruits,6.7,76.3,3.78,1
Fruits,5.0,80.1,3.32,1
Milk,2.7,68.4,0.76,0
Meat,8.0,91.7,2.1,1
Fruits,6.9,80.7,4.24,1
Eggs,7.3,66.0,3.82,1
Vegetables,6.6,83.0,0.14,0
Milk,5.9,89.5,2.36,1
Fruits,14.9,71.7,0.97,1
Meat,6.9,83.4,4.02,1
Vegetables,8.6,92.3,2.64,1
Milk,8.4,76.0,1.05,1
Milk,4.9,86.4,2.16,1
Fruits,7.4,76.3,4.33,1
Vegetables,2.0,90.1,2.69,1
Eggs,8.0,51.5,3.42,1
Meat,5.2,94.6,3.3,1
Meat,4.9,77.4,1.27,0
Milk,7.5,78.4,2.45,1
Vegetables,9.5,87.0,2.98,1
Vegetables,7.4,93.4,4.65,1
Vegetables,7.3,80.8,4.38,1
Milk,10.0,88.1,4.77,1
Milk,8.5,78.7,0.52,1
Meat,1.0,70.2,1.51,0
Vegetables,8.4,97.8,0.29,1
Eggs,2.3,55.8,4.54,1
Eggs,4.9,63.4,0.53,0
Eggs,9.9,53.2,2.56,1
Fruits,11.0,76.2,3.64,1
Milk,2.6,61.0,4.34,1
Meat,7.3,72.1,4.48,1
Fruits,6.0,70.7,1.12,0
Fruits,8.8,89.2,2.92,1
Vegetables,9.0,93.2,4.8,1
Milk,9.3,68.9,2.65,1
Meat,7.8,71.1,0.59,1
Meat,2.8,88.4,2.84,1
Milk,8.8,87.2,3.88,1
Fruits,12.8,86.3,4.83,1
Milk,5.3,67.3,3.64,1
Vegetables,8.2,97.3,4.02,1
Vegetables,3.9,80.7,3.09,1
Fruits,14.9,82.9,2.66,1
Vegetables,10.2,83.3,3.6,1
Meat,1.8,78.5,4.16,1
Meat,4.2,76.8,0.59,0
Fruits,13.5,79.9,4.23,1
Eggs,3.0,57.4,3.82,1
Vegetables,9.1,88.8,3.74,1
Fruits,7.9,89.1,3.89,1
Vegetables,4.9,85.3,0.56,1
Fruits,6.3,70.9,1.38,0
Fruits,11.5,73.2,1.35,1
Fruits,10.2,73.5,3.41,1
Eggs,3.9,61.9,1.02,0
Milk,4.9,78.2,1.21,0
Fruits,9.4,84.2,0.84,1
Meat,2.8,77.0,0.01,0
Meat,1.8,91.8,2.9,1
Vegetables,8.8,95.5,0.37,1
Fruits,6.4,78.2,4.19,1
Vegetables,3.8,96.3,0.14,1
Vegetables,11.0,94.0,0.19,1
Eggs,4.5,68.0,4.59,1
Meat,4.5,84.9,0.34,0
Eggs,8.0,69.9,2.57,1
Meat,1.6,76.2,2.82,1
Meat,1.0,85.3,2.48,1
Milk,9.3,78.0,0.57,1
Meat,5.4,78.7,0.42,0
Fruits,8.5,81.5,3.73,1
Fruits,10.7,86.7,2.55,1
Vegetables,3.5,90.9,2.14,1
Eggs,7.0,57.9,2.64,1
Milk,8.8,71.2,3.89,1
Meat,2.9,88.4,4.28,1
Meat,2.9,85.4,4.95,1
Meat,6.5,74.8,0.99,1
Fruits,5.9,78.0,2.04,0
Vegetables,7.9,81.5,4.32,1
Fruits,14.8,77.3,1.84,1
Meat,0.3,71.5,0.23,0
Fruits,4.1,79.0,2.18,0
Meat,5.9,72.6,2.61,1
Eggs,8.9,56.6,4.03,1
Meat,1.2,70.3,4.19,1
Milk,7.2,89.8,2.74,1
Milk,9.8,84.5,2.15,1
Vegetables,10.2,93.3,3.1,1
Milk,6.0,81.4,4.43,1
Milk,3.7,63.0,2.43,0
Milk,4.8,89.3,4.35,1
Milk,9.5,74.3,2.29,1
Fruits,4.7,72.7,0.47,0
Fruits,11.3,72.6,2.61,1
Milk,6.5,76.2,4.16,1
Milk,6.6,86.1,1.37,1
Milk,6.5,72.2,2.49,0
Vegetables,6.0,91.8,3.92,1
Milk,7.0,63.8,3.46,1
Meat,0.6,92.5,3.23,1
Meat,0.9,71.2,2.35,0
Meat,6.6,75.9,3.67,1
Milk,3.5,86.9,1.82,1
Milk,3.8,76.5,3.37,1
Milk,3.9,74.7,1.88,0
Fruits,13.4,89.9,4.44,1
Vegetables,4.0,90.1,0.11,1
Fruits,4.4,72.2,3.79,1
Vegetables,11.9,94.5,3.34,1
Eggs,5.0,66.6,3.9,1
Vegetables,7.2,95.8,0.9,1
Milk,3.5,81.7,2.92,1
Vegetables,10.1,91.2,5.0,1
Milk,7.6,84.5,1.49,1
Fruits,8.2,80.0,1.01,0
Vegetables,11.6,82.5,4.91,1
Eggs,8.7,61.3,0.53,1
Meat,7.5,86.1,1.77,1
Eggs,2.8,64.2,2.62,1
Fruits,9.3,75.1,3.9,1
Eggs,6.7,65.6,0.7,0
Meat,6.5,76.0,3.84,1
Fruits,15.0,87.9,2.13,1
Vegetables,5.1,81.4,1.26,0
Vegetables,10.3,83.6,2.84,1
Vegetables,8.8,92.8,1.88,1
Vegetables,11.8,88.2,4.64,1
Meat,2.4,72.0,3.44,1
Fruits,10.3,71.1,0.29,1
Milk,6.9,89.4,2.77,1
Milk,5.3,78.0,0.34,0
Meat,5.9,90.1,1.87,1
Fruits,14.4,73.9,0.68,1
Meat,4.2,88.2,4.19,1
Vegetables,9.6,83.3,4.71,1
Eggs,3.8,68.8,4.09,1
Eggs,4.2,51.9,1.8,0
Meat,0.1,88.2,2.15,1
Milk,9.6,72.0,2.6,1
Eggs,7.7,54.3,2.37,1
Fruits,5.4,87.1,4.79,1
Meat,4.2,83.5,0.49,0
Eggs,8.4,57.3,0.13,1
Eggs,9.3,53.5,0.06,1
Fruits,14.1,70.9,0.38,1
Eggs,9.5,66.5,3.05,1
Eggs,6.5,57.3,1.42,0
Milk,7.4,74.2,2.37,1
Milk,6.6,76.3,3.29,1
Milk,2.9,87.5,1.46,1
Vegetables,3.9,93.4,4.79,1
Fruits,8.9,87.8,4.04,1
Eggs,8.5,53.7,0.85,1
Meat,4.9,70.7,1.09,0
Vegetables,3.2,81.9,0.82,0
Milk,4.6,87.1,3.3,1
Vegetables,10.2,93.8,0.71,1
Milk,8.0,68.3,4.11,1
Eggs,3.4,56.7,2.08,0
Milk,7.2,84.1,4.67,1
Eggs,4.7,69.7,1.71,0
Meat,4.9,76.5,2.26,0
Vegetables,7.1,85.0,0.77,0
Fruits,6.8,80.9,0.34,0
Meat,2.8,84.3,1.03,0
Fruits,8.7,71.4,1.14,0
Milk,3.5,67.0,4.54,1
Meat,1.4,93.9,0.69,1
Milk,4.3,63.3,2.06,0
Meat,1.6,76.0,4.07,1
Vegetables,5.3,83.7,2.11,0
Fruits,4.8,81.9,1.52,0
Vegetables,6.8,81.4,0.65,0
Eggs,6.1,67.8,4.12,1
Fruits,7.5,73.4,2.85,1
Milk,2.6,86.0,2.96,1
Meat,7.2,73.2,4.58,1
Fruits,5.0,75.9,1.18,0
Meat,2.9,94.0,1.47,1
Eggs,4.0,67.7,3.39,1
Meat,5.6,93.8,1.04,1
Meat,7.9,82.9,2.73,1
Vegetables,5.4,84.2,0.49,0
Meat,1.7,89.1,2.1,1
Meat,2.2,85.1,4.52,1
Vegetables,6.7,87.9,1.59,1
Milk,4.5,73.4,3.64,1
Milk,8.8,77.6,1.14,1
Meat,4.1,83.8,0.96,0
Milk,3.1,70.4,0.22,0
Milk,4.2,71.9,3.45,1
Vegetables,2.3,94.4,3.25,1
Fruits,14.9,85.5,3.55,1
Milk,5.6,65.5,2.43,0
Eggs,2.8,58.8,1.54,0
Vegetables,11.5,95.2,0.42,1
Fruits,14.4,75.0,0.38,1
Eggs,4.7,56.9,1.53,0
Eggs,9.9,58.9,0.17,1
Vegetables,8.8,94.0,4.35,1
Milk,6.7,75.6,2.47,0
Eggs,6.2,55.7,3.65,1
Vegetables,11.8,95.8,1.07,1
Vegetables,10.9,80.8,4.27,1
Eggs,6.7,64.0,2.09,0
Fruits,8.1,75.7,3.05,1
Eggs,4.5,51.6,2.19,0
Meat,1.1,92.9,2.65,1
Milk,7.0,80.3,0.07,0
Vegetables,3.5,96.0,3.41,1
Fruits,8.3,88.5,0.16,1
Vegetables,11.3,86.0,0.31,1
Meat,3.4,74.0,2.15,0
Eggs,9.0,64.2,0.75,1
Fruits,12.8,88.8,2.7,1
Fruits,4.5,78.4,2.79,1
Fruits,12.2,81.3,3.62,1
Milk,8.0,84.1,4.84,1
Vegetables,3.9,86.6,1.91,1
Fruits,10.8,76.7,3.56,1
Milk,6.6,82.9,1.11,0
Fruits,11.4,88.2,2.48,1
Milk,2.0,85.2,2.5,1
Eggs,5.0,66.3,4.67,1
Fruits,5.8,89.7,2.9,1
Fruits,7.6,74.9,2.21,0
Eggs,3.7,70.0,1.11,0
Meat,7.2,89.1,0.79,1
Vegetables,3.0,81.6,0.94,0
Milk,3.4,83.6,4.16,1
Milk,6.4,71.9,1.54,0
Vegetables,9.7,81.2,2.24,1
Meat,6.4,86.5,3.71,1
Milk,7.4,66.3,0.75,1
Milk,8.3,66.5,3.79,1
Milk,9.6,75.2,2.85,1
Fruits,14.5,87.1,1.07,1
Fruits,13.5,84.4,3.11,1
Fruits,12.7,74.4,1.7,1
Milk,5.0,88.8,0.49,1
Vegetables,4.6,84.9,4.38,1
Milk,9.0,68.8,0.21,1
Meat,4.8,86.4,4.5,1
Meat,6.3,77.2,3.1,1
Fruits,12.5,71.4,1.49,1
Vegetables,4.3,80.8,2.34,0
Milk,6.8,84.6,1.65,0
Eggs,3.2,62.7,0.78,0
Milk,7.5,64.4,2.14,1
Meat,5.6,82.4,3.09,1
Meat,8.0,91.0,3.95,1
Milk,8.9,60.4,1.28,1
Fruits,14.5,80.0,2.78,1
Eggs,8.6,62.7,0.66,1
Vegetables,9.3,93.3,4.05,1
Milk,7.5,78.0,2.16,1
Milk,4.9,67.8,2.97,1
Meat,3.6,83.7,3.33,1
Meat,3.7,91.6,2.26,1
Meat,0.9,74.6,1.29,0
Fruits,5.8,89.2,1.23,1
Milk,9.0,68.2,3.4,1
Meat,5.4,82.5,3.36,1
Milk,9.4,77.8,2.32,1
Fruits,5.9,83.4,3.28,1
Meat,7.2,83.4,1.15,1
Meat,2.4,82.7,3.34,1
Fruits,12.2,78.7,1.99,1
Milk,4.9,74.0,3.62,1
Fruits,9.0,83.2,3.16,1
Fruits,14.5,82.3,4.17,1
Fruits,11.6,87.8,3.27,1
Fruits,7.3,83.8,1.44,0
Eggs,9.8,65.6,4.96,1
Milk,4.1,66.7,0.2,0
Milk,5.5,67.1,1.17,0
Meat,5.6,83.2,3.85,1
Vegetables,11.1,80.4,3.92,1
Eggs,9.7,52.4,1.63,1
Eggs,4.4,51.9,1.13,0
Meat,6.9,94.1,4.77,1
Eggs,9.5,53.0,4.29,1
Fruits,5.3,72.1,0.09,0
Milk,5.2,63.6,1.38,0
Vegetables,7.9,93.1,1.61,1
Fruits,9.8,77.7,3.01,1
Milk,4.0,60.4,2.48,0
Meat,5.7,90.9,3.36,1
Milk,5.2,86.8,2.4,1
Vegetables,6.5,97.8,1.31,1
Vegetables,2.4,88.8,2.24,1
Fruits,6.5,83.1,2.36,0
Meat,3.0,71.1,4.82,1
Milk,4.9,67.5,1.79,0
Eggs,8.9,51.2,2.21,1
Meat,5.4,72.1,4.62,1
Fruits,12.9,85.3,1.94,1
Milk,5.9,65.5,1.54,0
Eggs,8.3,59.5,3.39,1
Fruits,6.0,73.3,0.27,0
Fruits,8.9,70.0,1.03,0
Vegetables,11.6,92.6,4.27,1
Vegetables,4.7,81.1,0.59,0
Vegetables,2.2,87.6,2.03,1
Meat,1.2,73.4,0.49,0
Fruits,9.4,78.6,1.74,1
Milk,9.3,60.9,0.89,1
Fruits,13.5,86.3,3.79,1
Eggs,6.6,67.6,0.99,0
Milk,6.7,88.3,1.59,1
Eggs,7.7,59.8,0.26,1
Meat,3.7,85.9,3.5,1
Fruits,6.0,83.6,3.1,1
Meat,4.8,83.0,4.39,1
Meat,2.9,90.1,4.53,1
Meat,4.2,79.5,1.33,0
Eggs,5.5,66.1,2.78,1
Meat,7.7,73.2,2.59,1
Meat,5.3,76.8,1.7,0
Meat,2.3,87.8,2.59,1
Vegetables,8.4,95.1,1.56,1
Meat,6.3,77.9,1.48,1
Vegetables,8.0,91.0,4.33,1
Milk,3.3,69.4,4.51,1
Vegetables,3.5,93.3,1.67,1
Fruits,11.6,73.1,3.85,1
Vegetables,7.9,86.3,0.64,1
Vegetables,10.0,82.6,1.56,1
Vegetables,11.0,92.6,4.79,1
Eggs,7.4,55.4,1.99,1
Meat,7.5,78.5,4.86,1
Milk,9.5,62.2,1.77,1
Meat,6.8,81.3,4.01,1
Eggs,3.6,58.5,1.63,0
Milk,7.1,88.2,1.4,1
Meat,0.2,88.5,2.1,1
Meat,3.6,74.5,0.41,0
Fruits,8.9,78.0,2.5,0
Vegetables,2.6,97.2,0.92,1
Vegetables,10.4,85.0,1.62,1
Vegetables,2.7,90.0,2.03,1
Eggs,9.6,66.4,3.84,1
Vegetables,6.8,93.2,4.15,1
Milk,7.8,66.9,4.9,1
Vegetables,8.0,95.8,0.32,1
Vegetables,3.5,92.4,0.61,1
Vegetables,5.1,88.2,0.41,1
Milk,6.2,74.6,2.99,1
Eggs,8.4,52.4,2.06,1
Eggs,5.4,53.6,1.57,0
Meat,4.8,79.7,2.2,0
Fruits,7.7,73.5,3.47,1
Meat,7.8,83.6,2.85,1
Fruits,9.5,86.0,0.79,1
Meat,6.8,91.4,3.54,1
Vegetables,11.8,80.1,3.74,1
Milk,3.4,85.4,3.24,1
Vegetables,11.7,81.1,0.57,1
Milk,2.2,77.5,4.84,1
Meat,4.7,92.8,2.31,1
Fruits,14.6,71.8,1.79,1
Vegetables,8.9,86.2,2.32,1
Vegetables,10.8,80.8,4.29,1
Vegetables,4.1,89.6,2.41,1
Eggs,6.7,59.0,0.42,0
Fruits,5.0,72.2,3.02,1
Fruits,10.6,83.2,3.09,1
Meat,5.5,81.6,3.2,1
Meat,5.2,79.9,0.53,0
Eggs,7.2,53.0,2.15,1
Vegetables,4.9,92.7,2.41,1
Meat,5.5,84.0,4.28,1
Milk,2.7,65.8,2.39,0
Milk,6.6,77.2,0.55,0
Vegetables,6.0,92.0,0.42,1
Vegetables,11.1,89.3,0.14,1
Fruits,13.1,86.9,1.4,1
Fruits,10.5,80.7,2.52,1
Fruits,14.5,83.5,3.45,1
Meat,4.4,77.8,1.42,0
Milk,6.3,73.6,2.53,1
Meat,1.6,81.1,1.27,0
Meat,5.5,71.6,1.79,0
Meat,8.0,94.6,2.14,1
Fruits,7.6,72.2,4.77,1
Fruits,12.7,74.6,3.6,1
Meat,5.0,90.2,4.51,1
Milk,4.1,68.4,2.54,1
Milk,3.2,81.4,0.22,0
Vegetables,7.8,80.7,0.92,0
Milk,2.5,83.2,4.91,1
Eggs,3.7,62.4,3.04,1
Fruits,10.3,79.5,3.12,1
Vegetables,5.4,96.1,4.84,1
Eggs,9.2,55.2,4.43,1
Eggs,9.4,63.1,3.32,1
Milk,6.0,60.2,4.23,1
Milk,4.5,84.3,1.2,0
Milk,3.3,82.0,0.97,0
Vegetables,3.9,97.8,1.95,1
Meat,7.5,78.7,1.56,1
Milk,6.5,84.2,0.68,0
Meat,5.4,77.5,0.71,0
Fruits,5.9,77.1,0.97,0
Fruits,12.3,78.5,4.16,1
Eggs,7.6,52.1,0.93,1
Meat,1.4,71.1,4.55,1
Eggs,4.0,67.8,1.27,0
Fruits,8.3,70.4,2.95,1
Meat,0.3,89.0,4.85,1
Vegetables,3.7,89.1,2.36,1
Eggs,9.9,60.2,3.0,1
Eggs,5.8,59.7,4.07,1
Vegetables,3.3,92.8,0.7,1
Meat,5.5,75.2,1.54,0
Vegetables,5.4,89.1,2.77,1
Vegetables,9.9,89.3,3.77,1
Fruits,12.3,79.7,0.01,1
Fruits,9.9,83.1,1.67,1
Meat,6.5,83.3,2.14,1
Meat,4.9,72.0,2.45,0
Vegetables,6.6,84.3,4.65,1
Eggs,3.2,59.8,1.16,0
Fruits,7.4,85.6,2.26,1
Meat,7.4,82.4,1.65,1
Eggs,2.5,60.0,4.68,1
Fruits,11.1,74.6,2.34,1
Fruits,6.3,76.3,2.93,1
Fruits,5.6,84.7,4.83,1
Eggs,9.6,54.5,3.13,1
Vegetables,8.0,89.4,4.93,1
Vegetables,7.0,88.6,0.77,1
Milk,5.5,85.0,0.39,0
Fruits,14.1,85.0,0.85,1
Vegetables,7.9,97.5,0.67,1
Eggs,6.1,51.5,4.46,1
Fruits,12.6,76.3,1.18,1
Meat,6.0,81.1,0.89,0
Fruits,4.3,89.1,0.17,1
Milk,4.1,77.3,3.09,1
Eggs,2.6,67.5,4.44,1
Eggs,8.9,66.8,3.07,1
Milk,8.6,62.1,0.64,1
Milk,5.3,80.1,4.04,1
Milk,4.9,88.8,3.07,1
Milk,6.3,75.8,2.4,0
Milk,3.1,87.9,1.58,1
Eggs,8.1,59.0,0.21,1
Meat,6.7,88.9,3.2,1
Eggs,6.0,53.8,0.91,0
Eggs,3.3,60.9,0.32,0
Milk,8.7,84.2,2.43,1
Vegetables,3.9,81.9,3.01,1
Meat,0.3,71.6,1.25,0
Fruits,12.5,79.6,4.14,1
Milk,4.9,66.4,1.95,0
Fruits,14.8,71.9,4.84,1
Vegetables,5.5,95.2,3.09,1
Meat,1.3,74.5,0.53,0
Eggs,9.4,54.4,0.17,1
Vegetables,10.0,81.4,2.75,1
Milk,2.8,61.7,1.85,0
Vegetables,11.5,89.1,3.63,1
Milk,8.5,74.8,0.88,1
Vegetables,3.1,80.5,4.98,1
Vegetables,6.6,81.2,3.02,1
Fruits,14.5,77.3,3.42,1
Eggs,4.9,68.1,3.36,1
Milk,4.7,79.8,4.57,1
Meat,8.0,82.9,2.63,1
Meat,3.8,76.6,4.19,1
Fruits,11.1,78.2,0.93,1
Fruits,12.9,78.5,0.11,1
Milk,8.2,70.8,0.91,1
Milk,2.4,63.7,2.8,1
Vegetables,6.7,89.9,4.09,1
Eggs,9.9,70.0,4.43,1
Eggs,2.2,65.4,1.28,0
Meat,5.5,77.6,3.14,1
Vegetables,2.8,95.7,2.92,1
Eggs,6.2,50.6,3.38,1
Meat,1.2,81.8,2.65,1
Eggs,6.2,50.6,2.5,0
Milk,9.7,78.3,1.72,1
Meat,6.6,76.6,3.35,1
Fruits,8.1,71.1,3.89,1
Vegetables,11.8,94.3,1.74,1
Meat,2.2,89.2,4.26,1
Eggs,8.5,69.5,4.86,1
Vegetables,6.9,80.2,3.01,1
Fruits,12.7,74.3,1.85,1
Fruits,6.4,73.8,3.41,1
Eggs,7.2,57.8,2.79,1
Vegetables,8.1,90.2,4.05,1
Fruits,5.9,82.0,4.45,1
Milk,7.2,61.7,0.98,1
Fruits,7.2,86.8,0.74,1
Fruits,7.5,76.3,2.15,0
Fruits,14.6,81.1,1.8,1
Eggs,6.9,64.0,1.31,0
Meat,3.3,73.5,3.68,1
Vegetables,6.1,92.8,1.89,1
Eggs,7.3,65.8,1.4,1
Fruits,6.1,78.3,0.7,0
Fruits,5.7,70.4,0.87,0
Vegetables,9.6,88.2,1.99,1
Vegetables,9.9,80.4,2.13,1
Fruits,10.0,70.6,0.56,1
Eggs,9.1,65.5,3.24,1
Vegetables,3.6,80.2,3.88,1
Milk,2.3,65.9,0.54,0
Fruits,9.0,77.4,0.19,0
Milk,7.2,81.7,0.73,1
Eggs,4.2,58.8,0.54,0
Eggs,4.0,56.7,2.89,1
Fruits,4.5,73.3,4.25,1
Fruits,13.9,82.2,2.9,1
Eggs,5.4,60.5,1.48,0
Fruits,6.1,79.2,1.31,0
Eggs,9.6,67.6,3.93,1
Fruits,14.0,86.4,4.89,1
Meat,5.0,88.6,3.35,1
Fruits,6.1,89.5,4.8,1
Milk,8.2,65.3,1.53,1
Vegetables,6.0,80.4,4.95,1
Vegetables,9.2,96.7,2.16,1
Milk,5.1,74.2,1.82,0
Milk,8.2,67.2,0.15,1
Vegetables,11.0,89.1,3.69,1
Vegetables,7.3,88.1,0.83,1
Fruits,12.6,72.8,0.0,1
Meat,3.3,84.5,1.35,0
Vegetables,3.1,92.0,4.1,1
Fruits,10.8,76.6,2.29,1
Milk,5.4,63.3,2.16,0
Vegetables,2.8,82.1,3.57,1
Fruits,13.9,76.5,3.46,1
Vegetables,3.7,80.7,2.13,0
Fruits,7.2,74.0,4.13,1
Meat,7.4,74.8,0.69,1
Eggs,5.6,55.2,0.51,0
Vegetables,11.6,81.9,2.78,1
Milk,7.0,82.7,3.37,1
Meat,2.3,88.2,0.76,1
Meat,6.2,81.7,3.78,1
Meat,5.5,80.8,0.39,0
Vegetables,8.7,83.6,0.17,1
Fruits,13.3,85.4,4.11,1
Eggs,3.8,61.8,4.73,1
Eggs,3.5,56.8,4.25,1
Meat,5.3,86.8,0.89,1
Eggs,9.0,62.8,2.13,1
Eggs,7.6,52.2,2.35,1
Milk,3.9,71.4,4.37,1
Milk,3.2,60.2,1.26,0
Meat,7.5,71.7,4.12,1
Vegetables,4.4,80.3,4.08,1
Eggs,3.2,66.3,2.26,0
Meat,7.1,87.4,1.77,1
Vegetables,8.0,89.1,4.71,1
Vegetables,7.7,88.3,2.27,1
Eggs,2.7,61.8,2.78,1
Eggs,3.3,67.6,3.84,1
Meat,7.9,85.2,0.64,1
Fruits,11.1,75.3,4.69,1
Vegetables,3.9,82.6,3.14,1
Milk,10.0,75.5,3.9,1
Meat,2.8,87.9,3.71,1
Meat,3.3,72.9,2.28,0
Milk,6.4,70.1,4.35,1
Meat,5.9,71.8,1.28,0
Fruits,14.4,75.7,3.98,1
Meat,0.5,82.4,3.2,1
Fruits,9.0,86.2,4.02,1
Fruits,4.3,86.5,3.66,1
Vegetables,7.0,84.8,4.64,1
Eggs,2.5,52.5,4.03,1
Eggs,8.3,58.1,2.0,1
Vegetables,3.6,91.6,0.09,1
Fruits,12.5,78.6,1.85,1
Milk,7.5,80.4,4.74,1
Eggs,5.5,54.8,3.97,1
Fruits,5.7,79.1,0.16,0
Eggs,9.1,58.2,2.29,1
Fruits,4.4,72.7,2.46,0
Vegetables,9.5,81.0,4.34,1
Meat,4.6,89.3,4.26,1
Eggs,5.6,57.8,1.72,0
Fruits,4.8,73.4,3.34,1
Milk,6.6,67.7,3.44,1
Vegetables,11.4,86.6,4.49,1
Fruits,14.5,89.7,1.41,1
Eggs,5.9,68.9,2.67,1
Milk,9.7,87.5,2.77,1
Meat,4.0,86.4,2.71,1
Meat,6.0,85.5,0.59,1
Fruits,6.3,85.0,0.21,0
Milk,9.0,90.0,0.89,1
Meat,3.7,72.6,1.78,0
Vegetables,11.1,94.2,3.61,1
Milk,4.3,65.8,2.4,0
Vegetables,3.9,90.7,1.0,1
Milk,5.9,86.4,4.04,1
Milk,3.8,85.9,4.99,1
Fruits,7.4,78.1,1.26,0
Vegetables,3.1,84.1,2.43,0
Eggs,2.5,62.3,1.32,0
Milk,9.4,86.4,2.49,1
Fruits,6.2,89.6,2.17,1
Eggs,5.3,51.2,1.64,0
Milk,4.0,69.3,0.74,0
Milk,3.1,66.5,4.29,1
Vegetables,6.0,88.5,0.77,1
Milk,3.9,60.8,2.9,1
Fruits,13.1,87.0,2.3,1
Milk,5.9,72.9,1.87,0
Vegetables,7.6,95.7,1.45,1
Eggs,9.2,67.4,1.58,1
Vegetables,6.2,95.7,3.84,1
Vegetables,10.8,90.4,0.1,1
Eggs,2.4,64.6,4.8,1
Eggs,2.8,67.1,4.83,1
Milk,9.4,69.7,1.72,1
Eggs,3.3,59.4,2.42,0
Eggs,8.7,67.2,3.2,1
Meat,3.4,74.4,0.57,0
Vegetables,6.8,92.2,2.99,1
Meat,6.0,76.0,3.51,1
Meat,6.6,94.5,1.99,1
Fruits,8.9,87.1,2.15,1
Fruits,9.9,81.0,1.94,1
Vegetables,6.2,97.9,4.65,1
Vegetables,2.6,85.1,3.18,1
Vegetables,4.6,91.9,0.89,1
Fruits,7.7,79.4,4.02,1
Vegetables,2.9,84.5,1.48,0
Meat,1.4,76.2,4.13,1
Eggs,7.5,68.9,4.84,1
Meat,6.3,89.2,2.77,1
Fruits,8.3,88.4,1.01,1
Eggs,7.4,63.3,2.56,1
Fruits,12.5,84.8,1.55,1
Fruits,13.8,72.5,3.62,1
Meat,7.0,95.0,0.53,1
Fruits,12.3,81.2,4.99,1
Fruits,4.9,78.0,1.13,0
Fruits,10.8,86.8,0.75,1
Meat,2.8,82.7,0.79,0
Milk,2.9,62.8,2.97,1
Vegetables,7.0,89.1,4.67,1
Vegetables,11.1,89.2,4.66,1
Milk,10.0,61.1,4.38,1
Meat,3.9,71.9,2.05,0
Eggs,7.0,51.4,2.02,0
Vegetables,2.7,92.5,3.44,1
Fruits,7.9,74.7,3.39,1
Vegetables,3.0,91.2,3.31,1
Fruits,7.8,74.2,2.89,1
Meat,5.1,75.5,2.46,0
Milk,6.3,89.2,2.26,1
Milk,8.3,60.8,1.12,1
Milk,2.4,71.6,4.9,1
Meat,4.5,76.9,3.55,1
Fruits,5.1,74.8,3.1,1
Vegetables,9.2,82.0,3.23,1
Fruits,8.6,85.4,0.35,1
Vegetables,3.5,94.1,2.55,1
Eggs,5.1,60.3,0.63,0
Meat,2.5,87.4,2.62,1
Meat,0.4,90.1,0.61,1
Meat,0.9,79.4,1.8,0
Eggs,3.6,51.1,1.54,0
Eggs,7.6,63.8,2.52,1
Meat,3.3,70.5,3.46,1
Vegetables,4.1,85.3,1.77,1
Fruits,7.4,75.0,1.46,0
Vegetables,4.8,93.5,1.39,1
Eggs,6.7,56.0,0.4,0
Eggs,2.5,64.5,3.06,1
Vegetables,3.9,88.7,4.72,1
Milk,6.8,72.9,2.62,1
Milk,9.5,88.2,1.44,1
Meat,0.9,80.3,1.65,0
Meat,5.6,71.0,2.69,1
Fruits,11.7,74.6,1.89,1
Eggs,7.8,66.4,1.69,1
Meat,8.0,74.6,2.54,1
Eggs,3.0,69.7,2.34,0
Fruits,10.1,88.2,3.97,1
Eggs,2.1,61.8,1.96,0
Eggs,9.9,62.4,0.62,1
Milk,3.1,72.8,0.2,0
Meat,6.8,85.4,2.81,1
Vegetables,7.5,81.3,1.32,0
Fruits,14.1,75.8,4.06,1
Meat,3.1,77.4,3.88,1
Eggs,6.1,59.3,1.28,0
Vegetables,7.3,96.0,2.87,1
Fruits,8.3,84.1,2.96,1
Meat,1.0,94.1,1.66,1
Vegetables,8.9,80.9,4.07,1
Vegetables,9.0,94.8,4.07,1
Eggs,8.9,65.6,4.7,1
Eggs,4.3,69.6,1.55,0
Fruits,4.6,88.5,2.5,1
Eggs,4.6,51.9,0.64,0
Meat,7.5,74.1,2.34,1
Eggs,7.8,68.4,1.23,1
Meat,5.3,72.8,3.75,1
Eggs,3.8,66.1,0.33,0
Fruits,12.7,85.0,2.08,1
Fruits,5.7,81.5,1.67,0
Fruits,14.7,76.4,0.49,1
Vegetables,5.7,92.6,3.82,1
Meat,6.9,90.5,3.43,1
Eggs,6.9,68.4,0.19,0
Milk,5.1,82.9,1.5,0
Vegetables,11.4,82.8,1.31,1
Vegetables,4.6,83.7,4.85,1
Vegetables,9.0,95.2,3.07,1
Meat,7.6,85.7,3.07,1
Fruits,7.8,71.8,1.55,0
Milk,4.2,63.5,3.3,1
Fruits,4.8,79.2,0.8,0
Fruits,12.6,72.9,1.93,1
Fruits,10.0,81.6,4.73,1
Vegetables,11.7,94.1,2.6,1
Eggs,7.5,68.2,1.98,1
Fruits,6.2,82.8,3.31,1
Meat,0.1,84.0,2.45,0
Fruits,7.2,83.3,2.87,1
Meat,6.7,81.7,1.91,1
Eggs,3.6,68.4,2.57,1
Milk,3.1,83.0,0.4,0
Milk,7.4,80.6,4.37,1
Meat,4.6,90.8,2.8,1
Meat,1.6,88.0,0.9,1
Eggs,3.2,54.3,0.88,0
Milk,2.3,77.9,2.95,1
Vegetables,5.8,88.2,3.66,1
Meat,1.0,88.4,4.22,1
Vegetables,4.6,84.5,4.22,1
Milk,3.8,71.9,1.03,0
Fruits,13.0,77.8,4.35,1
Milk,4.9,79.7,3.95,1
Milk,7.7,63.6,0.84,1
Meat,2.1,74.1,2.1,0
Meat,0.0,92.7,4.45,1
Fruits,4.1,87.1,4.85,1
Milk,4.0,71.7,1.17,0
Fruits,9.1,72.3,3.17,1
Fruits,7.9,89.4,2.43,1
Eggs,2.2,68.9,0.62,0
Vegetables,2.5,81.8,2.32,0
Meat,4.2,72.2,3.5,1
Meat,4.2,81.8,3.4,1
Fruits,8.4,73.0,3.69,1
Vegetables,7.4,94.6,1.38,1
Vegetables,3.6,96.0,1.02,1
Fruits,12.9,77.1,4.08,1
Vegetables,8.6,96.5,1.66,1
Vegetables,2.8,90.4,4.01,1
Vegetables,3.2,86.2,3.95,1
Fruits,14.5,79.1,2.94,1
Eggs,6.4,56.9,3.72,1
Vegetables,8.8,80.8,1.92,1
Meat,0.2,77.3,3.93,1
Eggs,3.4,57.4,2.74,1
Vegetables,7.0,92.2,2.64,1
Eggs,3.3,64.4,4.96,1
Eggs,4.7,62.0,2.28,0
Milk,5.0,79.3,3.6,1
Fruits,8.2,79.3,2.82,1
Eggs,3.7,53.6,4.13,1
Meat,6.4,94.0,2.47,1
Vegetables,10.7,81.3,1.17,1
Fruits,12.9,82.6,0.67,1
Vegetables,5.7,82.0,1.76,0
Fruits,7.7,81.8,3.86,1
Vegetables,9.0,88.6,4.21,1
Fruits,14.0,70.1,0.89,1
Vegetables,3.8,83.0,4.43,1
Fruits,13.9,74.7,4.25,1
Eggs,6.7,56.5,0.23,0
Fruits,7.6,72.0,0.74,0
Meat,7.3,85.3,4.06,1
Milk,6.8,86.1,3.09,1
Milk,3.9,89.4,3.23,1
Vegetables,4.8,90.0,0.1,1
Vegetables,10.0,90.4,2.31,1
Vegetables,3.1,87.2,2.1,1
Milk,2.9,85.4,1.43,1
Eggs,8.6,62.8,0.35,1
Eggs,4.5,56.7,2.33,0
Eggs,5.8,68.9,0.8,0
Fruits,7.5,89.6,3.53,1
Fruits,12.1,72.6,1.24,1
Vegetables,4.5,80.7,2.49,0
Milk,8.8,63.2,3.72,1
Milk,3.7,64.6,1.54,0
Eggs,9.2,67.2,3.7,1
Meat,6.8,72.0,0.16,1
Milk,3.6,68.3,0.98,0
Eggs,8.9,50.7,0.03,1
Eggs,8.4,57.4,1.19,1
Fruits,6.5,74.7,1.57,0
Vegetables,4.9,85.9,3.18,1
Vegetables,8.3,94.4,1.15,1
Milk,5.3,84.5,2.17,0
Meat,5.3,90.2,2.65,1
Eggs,9.1,65.2,0.09,1
Fruits,6.8,76.3,1.36,0
Meat,2.5,93.1,3.26,1
Meat,5.9,83.6,4.36,1
Milk,7.2,61.1,3.91,1
Fruits,4.4,78.9,0.89,0
Fruits,10.6,78.9,2.77,1
Meat,6.6,92.8,4.88,1
Eggs,4.0,57.1,1.36,0
Meat,1.8,92.6,4.22,1
Eggs,4.1,62.0,3.46,1
Vegetables,8.6,97.3,1.21,1
Eggs,6.2,64.5,2.04,0
Milk,8.2,85.8,4.15,1
Meat,1.9,88.3,2.73,1
Fruits,4.1,77.6,4.83,1
Eggs,7.3,54.0,0.95,1
Milk,7.0,78.9,1.24,0
Fruits,6.7,79.7,0.0,0
Fruits,13.6,76.9,1.2,1
Meat,5.1,92.7,0.13,1
Milk,4.5,61.1,4.29,1
Milk,6.1,74.2,4.26,1
Meat,7.4,91.3,3.22,1
Meat,4.2,85.5,4.14,1
Eggs,5.3,64.9,1.58,0
Milk,6.4,74.2,1.15,0
Meat,0.5,94.0,3.25,1
Milk,4.0,67.6,2.08,0
Eggs,9.1,61.2,2.1,1
Eggs,3.5,66.1,4.97,1
Vegetables,6.1,89.0,0.21,1
Meat,2.1,78.5,4.07,1
Vegetables,5.6,80.5,2.37,0
Vegetables,5.9,81.8,2.7,1
Vegetables,4.4,90.3,3.85,1
Fruits,12.5,75.0,2.1,1
Fruits,14.3,89.2,3.8,1
Milk,7.7,66.2,0.86,1
Vegetables,3.3,95.4,1.01,1
Eggs,3.5,67.0,3.84,1
Fruits,14.6,78.9,4.63,1
Vegetables,3.1,81.4,2.46,0
Eggs,4.0,55.5,4.05,1
Fruits,6.5,82.6,1.01,0
Eggs,6.4,67.4,1.27,0
Meat,3.2,92.3,3.46,1
Vegetables,4.5,88.4,4.92,1
Vegetables,7.9,87.6,0.87,1
Vegetables,5.1,96.3,2.02,1
Meat,0.3,76.5,3.55,1
Fruits,12.4,85.1,1.41,1
Eggs,4.4,54.0,0.46,0
Vegetables,8.5,81.2,0.87,1
Eggs,9.6,56.1,4.75,1
Fruits,13.5,79.6,0.62,1
Meat,4.1,71.8,3.24,1
Fruits,4.4,71.7,2.92,1
Eggs,6.5,59.5,0.91,0
Eggs,3.9,68.9,1.6,0
Vegetables,11.7,94.7,4.82,1
Vegetables,2.2,84.6,3.86,1
Vegetables,3.7,81.9,0.98,0
Eggs,9.8,57.2,1.27,1
Meat,4.0,74.4,1.07,0
Vegetables,7.8,86.3,4.55,1
Milk,4.2,76.1,3.86,1
Eggs,7.6,69.1,0.46,1
Milk,4.1,62.7,4.81,1
Vegetables,5.7,82.8,0.1,0
Eggs,8.3,63.7,1.76,1
Milk,9.1,67.1,4.02,1
Eggs,4.8,61.1,1.98,0
Fruits,5.8,83.1,4.42,1
Eggs,8.8,58.6,1.62,1
Eggs,4.4,65.0,0.51,0
Vegetables,4.1,91.5,2.53,1
Fruits,10.1,79.6,0.41,1
Meat,7.4,86.4,1.2,1
Eggs,8.0,59.4,4.01,1
Fruits,6.4,75.8,4.35,1
Vegetables,10.0,94.3,2.75,1
Fruits,8.2,84.3,4.29,1
Fruits,5.0,71.8,1.96,0
Fruits,13.8,75.3,2.55,1
Fruits,4.0,71.3,3.77,1
Fruits,6.5,73.0,1.42,0
Meat,2.6,86.0,0.91,1
Eggs,6.2,69.4,3.81,1
Milk,3.1,80.3,2.58,1
Eggs,6.3,56.1,1.79,0
Eggs,5.9,69.6,4.33,1
Vegetables,8.8,82.4,1.31,1
Eggs,4.8,54.8,1.69,0
Fruits,11.1,75.1,0.88,1
Vegetables,2.4,90.4,2.79,1
Eggs,3.1,64.4,4.32,1
Vegetables,10.2,93.0,0.49,1
Milk,9.3,86.1,3.91,1
Vegetables,11.7,88.4,2.72,1
Fruits,12.8,71.2,1.69,1
Fruits,11.2,81.4,2.99,1
Meat,5.5,81.3,0.23,0
Meat,7.7,79.0,4.84,1
Meat,6.0,92.5,1.2,1
Milk,5.2,88.3,2.56,1
Vegetables,5.6,90.5,1.17,1
Eggs,7.0,67.0,4.84,1
Fruits,13.3,70.9,3.01,1
Vegetables,7.0,81.8,3.49,1
Fruits,6.2,70.6,1.02,0
Eggs,4.8,58.4,3.59,1
Eggs,6.5,63.1,1.97,0
Fruits,7.3,87.4,4.41,1
Vegetables,2.5,84.9,2.15,0
Vegetables,7.1,91.2,3.77,1
Fruits,7.2,73.9,1.64,0
Meat,1.5,92.2,2.15,1
Meat,4.3,70.1,0.28,0
Vegetables,2.4,89.8,3.56,1
Vegetables,2.5,91.7,2.53,1
Vegetables,10.8,95.2,1.84,1
Milk,8.2,83.9,2.38,1
Fruits,5.6,71.1,3.62,1
Fruits,6.2,73.7,0.69,0
Vegetables,2.2,94.6,3.09,1
Milk,6.2,80.5,1.9,0
Fruits,14.5,89.9,1.45,1
Vegetables,11.8,82.9,0.76,1
Fruits,4.8,78.4,1.2,0
Vegetables,8.2,82.4,4.95,1
Eggs,7.1,67.3,2.13,1
Milk,3.3,75.9,2.89,1
Eggs,4.0,62.3,3.42,1
Eggs,2.3,64.8,3.37,1
Vegetables,3.5,97.0,4.9,1
Eggs,4.4,62.0,3.77,1
Vegetables,8.3,92.0,4.63,1
Milk,8.5,88.5,2.17,1
Meat,2.1,85.9,3.95,1
Fruits,4.7,73.0,0.83,0
Fruits,6.2,80.3,2.77,1
Eggs,8.0,58.2,2.19,1
Meat,0.9,79.8,4.06,1
Milk,6.5,85.3,4.9,1
Fruits,13.2,77.3,2.48,1
Meat,5.9,70.1,0.63,0
Meat,7.8,92.6,2.84,1
Milk,8.5,68.6,4.53,1
Milk,5.1,77.6,0.65,0
Vegetables,7.3,85.6,1.72,1
Fruits,12.6,70.6,3.39,1
Milk,3.6,66.2,0.64,0
Fruits,6.6,76.4,4.47,1
Eggs,3.3,63.3,0.13,0
Meat,4.2,94.8,0.45,1
Fruits,8.0,89.3,2.41,1
Vegetables,10.7,85.7,3.7,1
Fruits,9.7,75.4,0.48,1
Meat,1.9,83.8,2.68,1
Fruits,9.1,72.6,3.62,1
Milk,2.8,81.8,2.66,1
Eggs,8.4,52.8,1.91,1
Fruits,10.9,84.0,0.56,1
Eggs,5.0,65.3,2.5,0
Fruits,10.0,81.9,4.92,1
Eggs,9.3,58.3,3.17,1
Milk,8.1,87.7,3.66,1
Fruits,12.4,81.7,2.52,1
Milk,7.8,78.7,3.17,1
Milk,7.4,63.3,0.88,1
Fruits,5.8,85.6,1.64,1
Fruits,10.2,84.2,1.53,1
Fruits,10.1,72.0,2.33,1
Fruits,11.4,70.8,2.0,1
Fruits,7.2,79.5,1.37,0
Eggs,3.2,52.5,1.92,0
Meat,0.1,70.5,4.77,1
Milk,6.1,73.4,3.0,1
Fruits,6.6,83.1,0.03,0
Vegetables,10.7,85.0,4.07,1
Milk,7.9,86.1,2.92,1
Vegetables,5.5,92.6,0.19,1
Vegetables,7.6,97.8,4.01,1
Vegetables,7.0,94.1,3.4,1
Vegetables,5.6,96.4,4.68,1
Milk,8.0,78.5,3.32,1
Meat,7.4,77.0,0.81,1
Vegetables,11.3,82.7,4.59,1
Vegetables,4.7,82.0,4.45,1
Milk,6.2,75.8,1.15,0
Meat,0.1,70.4,1.54,0
Meat,2.2,71.8,2.0,0
Vegetables,11.7,96.1,1.62,1
Meat,0.6,74.1,1.69,0
Meat,7.8,89.6,1.23,1
Vegetables,8.7,89.4,2.3,1
Meat,1.4,73.4,1.85,0
Milk,6.2,67.9,3.05,1
Vegetables,8.2,95.5,4.92,1
Milk,6.9,80.9,4.75,1
Eggs,8.4,56.2,0.52,1
Fruits,10.5,78.2,1.35,1
Meat,1.8,85.4,1.26,1
Milk,2.3,70.6,4.0,1
Milk,7.8,76.4,0.13,1
Milk,5.4,87.8,0.31,1
Milk,7.3,60.4,2.19,1
Milk,2.4,64.3,4.65,1
Milk,3.2,63.4,0.79,0
Eggs,9.1,68.0,4.77,1
Fruits,8.7,76.1,2.97,1
Fruits,5.4,86.3,1.82,1
Eggs,7.5,66.3,3.79,1
Meat,6.4,80.0,3.98,1
Milk,2.7,82.5,3.67,1
Meat,6.9,75.3,3.16,1
Meat,7.7,76.7,4.12,1
Eggs,4.7,69.2,0.49,0
Fruits,10.8,74.2,3.76,1
Vegetables,9.1,88.3,1.27,1
Eggs,3.0,60.5,4.11,1
Milk,7.9,89.6,3.31,1
Vegetables,6.7,81.2,1.6,0
Eggs,8.9,59.8,1.17,1
Milk,7.8,70.4,0.17,1
Milk,4.7,69.0,4.0,1
Meat,6.3,81.5,2.93,1
Meat,4.9,93.1,1.84,1
Vegetables,9.1,83.7,1.99,1
Milk,4.6,60.8,2.9,1
Meat,2.1,82.9,0.39,0
Milk,9.4,69.1,0.51,1
Eggs,6.3,65.8,4.69,1
Eggs,4.6,67.1,1.68,0
Meat,2.7,91.2,0.54,1
Eggs,8.8,63.6,1.96,1
Meat,1.2,74.1,2.09,0
Vegetables,8.3,85.8,4.1,1
Eggs,9.9,68.7,4.22,1
Eggs,2.6,59.5,3.18,1
Milk,6.7,87.5,2.41,1
Meat,1.5,80.1,4.24,1
Meat,2.4,92.9,4.27,1
Eggs,2.2,58.2,3.96,1
Eggs,7.2,54.0,4.0,1
Meat,4.6,91.5,0.04,1
Meat,3.9,70.3,4.0,1
Eggs,8.2,53.6,2.78,1
Eggs,6.9,55.4,3.38,1
Vegetables,7.5,94.6,0.1,1
Fruits,5.7,77.1,1.15,0
Vegetables,7.5,89.7,2.82,1
Fruits,9.4,79.9,2.98,1
Fruits,8.9,88.1,3.78,1
Vegetables,11.8,92.5,4.86,1
Meat,2.9,87.1,1.49,1
Eggs,2.1,52.0,1.14,0
Milk,9.1,60.6,3.16,1
Eggs,7.4,62.3,4.82,1
Meat,3.5,91.1,3.17,1
Fruits,8.6,73.8,4.4,1
Meat,6.5,73.9,1.16,1
Milk,2.4,77.1,0.03,0
Fruits,5.0,74.5,4.38,1
Meat,0.3,91.3,2.19,1
Vegetables,8.5,84.6,0.85,1
Vegetables,5.4,84.7,4.42,1
Meat,5.3,84.7,2.56,1
Eggs,2.3,52.6,1.1,0
Milk,9.8,80.7,1.04,1
Meat,2.9,85.9,3.74,1
Meat,1.5,86.8,0.18,1
Vegetables,8.9,93.5,3.47,1
Fruits,9.5,70.3,2.24,1
Vegetables,4.0,83.3,1.2,0
Fruits,6.3,76.1,0.45,0
Vegetables,8.3,96.9,2.37,1
Fruits,4.1,87.6,3.17,1
Eggs,4.4,67.4,4.59,1
Vegetables,11.9,86.3,0.53,1
Fruits,9.9,83.9,1.88,1
Fruits,11.9,84.3,0.4,1
Milk,3.0,87.5,3.32,1
Vegetables,11.9,90.3,1.8,1
Meat,5.7,88.7,4.67,1
Vegetables,6.6,80.1,3.51,1
Milk,2.5,85.7,0.99,1
Meat,7.5,71.1,3.1,1
Vegetables,7.4,88.7,1.6,1
Fruits,6.0,82.2,0.19,0
Meat,7.2,82.9,4.85,1
Fruits,12.9,82.1,2.64,1
Fruits,10.7,88.1,1.73,1
Eggs,2.8,61.7,0.48,0
Fruits,7.3,76.4,4.51,1
Eggs,3.6,60.7,1.74,0
Milk,6.5,74.7,2.01,0
Milk,2.6,60.4,0.58,0
Meat,1.8,90.3,4.27,1
Meat,3.3,71.6,2.43,0
Eggs,9.3,53.2,2.87,1
Meat,3.8,78.1,0.64,0
Eggs,9.6,62.7,1.74,1
Meat,2.9,83.0,3.9,1
Milk,6.0,86.5,3.33,1
Milk,5.9,84.4,4.16,1
Fruits,11.6,84.7,0.71,1
Eggs,5.2,60.6,3.0,1
Meat,4.8,79.0,4.78,1
Milk,2.3,71.0,2.14,0
Meat,7.9,91.1,3.23,1
Eggs,5.6,62.6,0.12,0
Meat,7.2,82.8,2.66,1
Eggs,8.6,64.1,1.89,1
Milk,2.1,89.5,2.81,1
Milk,3.4,61.6,0.51,0
Milk,3.5,83.8,3.2,1
Milk,3.5,65.5,0.62,0
Fruits,7.8,87.6,0.2,1
Fruits,14.6,77.6,3.79,1
Meat,2.0,89.7,1.69,1
Fruits,7.6,77.5,4.77,1
Milk,2.2,65.2,4.78,1
Vegetables,3.3,83.8,3.58,1
Vegetables,6.2,85.0,4.55,1
Meat,5.0,72.9,2.12,0
Milk,6.0,71.0,2.51,1
Milk,7.8,70.4,2.05,1
Vegetables,5.7,88.5,1.89,1
Vegetables,9.4,91.3,0.39,1
Fruits,5.9,85.7,0.9,1
Vegetables,8.6,83.6,0.28,1
Eggs,8.7,50.9,4.41,1
Vegetables,7.8,96.6,4.7,1
Meat,7.7,78.0,4.02,1
Milk,9.7,84.5,2.25,1
Eggs,2.9,69.9,2.33,0
Vegetables,9.9,89.8,3.43,1
Meat,1.9,74.1,4.82,1
Fruits,10.0,82.7,3.41,1
Milk,9.6,77.0,2.31,1
Fruits,5.8,85.6,1.54,1
Fruits,12.3,81.6,2.44,1
Milk,5.6,89.2,1.16,1
Eggs,8.5,68.4,0.17,1
Eggs,6.3,55.4,1.29,0
Eggs,5.4,65.1,2.09,0
Meat,3.2,87.7,1.45,1
Eggs,4.0,50.1,1.91,0
Fruits,5.3,73.2,0.05,0
Vegetables,11.6,85.7,3.53,1
Meat,2.2,75.8,1.47,0
Meat,4.4,94.3,3.14,1
Fruits,14.9,80.4,2.17,1
Meat,6.2,85.3,0.2,1
Fruits,5.2,83.3,0.29,0
Vegetables,11.6,95.3,2.86,1
Eggs,6.0,62.3,4.09,1
Eggs,8.0,67.4,3.56,1
Eggs,2.1,51.3,4.75,1
Vegetables,3.2,88.0,1.94,1
Eggs,3.4,69.2,1.67,0
Vegetables,5.7,84.6,3.19,1
Milk,2.6,85.0,2.76,1
Vegetables,10.0,80.2,0.47,1
Vegetables,3.6,97.0,0.69,1
Eggs,2.9,50.6,0.67,0
Eggs,7.7,52.4,4.59,1
Eggs,7.4,67.6,3.9,1
Eggs,3.1,57.8,1.58,0
Milk,9.8,77.0,4.41,1
Meat,5.9,86.7,4.22,1
Fruits,4.8,73.8,2.48,0
Meat,5.3,95.0,3.23,1
Fruits,10.5,78.0,1.26,1
Fruits,12.5,88.1,2.72,1
Fruits,8.5,73.7,3.71,1
Meat,3.6,77.9,1.31,0
Meat,1.5,82.8,2.44,0
Milk,9.8,83.0,2.57,1
Vegetables,4.8,84.7,2.54,1
Meat,7.5,72.6,2.05,1
Milk,2.6,63.9,0.14,0
Meat,2.2,90.7,0.91,1
Eggs,3.6,57.8,4.7,1
Milk,2.8,65.6,1.45,0
Eggs,2.9,61.6,3.16,1
Vegetables,9.6,94.3,4.55,1
Eggs,7.9,59.8,4.32,1
Eggs,3.0,54.9,2.25,0
Fruits,11.5,75.7,1.74,1
Vegetables,2.2,81.7,0.01,0
Eggs,8.4,53.8,0.99,1
Meat,0.7,94.0,2.44,1
Meat,0.8,76.5,4.53,1
Vegetables,9.6,96.5,3.44,1
Vegetables,8.9,92.6,2.82,1
Eggs,9.5,67.6,4.06,1
Eggs,8.4,56.8,3.87,1
Meat,0.9,92.0,1.59,1
Milk,6.6,72.6,0.1,0
Meat,4.7,73.3,0.62,0
Milk,8.6,65.2,1.15,1
Meat,7.6,83.0,2.84,1
Eggs,2.0,59.8,0.69,0
Milk,8.5,64.9,1.93,1
Meat,5.1,88.2,0.65,1
Fruits,11.0,86.5,4.66,1
Meat,5.4,72.3,4.84,1
Meat,6.5,81.6,4.52,1
Meat,5.0,83.5,2.77,1
Meat,2.5,92.4,4.1,1
Vegetables,11.1,84.8,1.1,1
Milk,6.0,61.0,2.6,1
Fruits,14.8,74.0,4.36,1
Vegetables,11.2,96.1,0.69,1
Eggs,8.0,59.7,4.89,1
Eggs,4.5,65.0,0.34,0
Milk,2.6,84.7,1.58,0
Fruits,11.6,77.0,4.04,1
Eggs,6.5,51.1,3.21,1
Vegetables,10.1,84.2,0.39,1
Eggs,8.4,56.1,4.53,1
Meat,4.7,91.4,2.42,1
Fruits,7.1,79.3,3.36,1
Milk,8.3,89.2,4.57,1
Vegetables,6.0,95.3,2.0,1
Fruits,11.0,82.5,2.14,1
Vegetables,3.4,94.4,0.02,1
Meat,4.7,71.7,3.38,1
Meat,1.4,84.3,4.77,1
Meat,0.6,77.3,1.77,0
Vegetables,7.3,86.9,4.14,1
Meat,6.4,91.0,1.81,1
Meat,7.6,75.1,3.02,1
Meat,4.9,86.6,1.97,1
Eggs,9.6,60.6,1.37,1
Fruits,9.0,81.6,0.38,0
Fruits,13.3,70.2,1.5,1
Meat,2.8,92.1,3.01,1
Meat,6.8,73.1,2.54,1
Vegetables,11.4,95.0,0.63,1
Milk,6.2,60.5,2.0,0
Fruits,10.6,80.3,1.04,1
Fruits,13.4,89.4,0.84,1
Vegetables,11.2,94.3,4.04,1
Milk,2.6,66.5,0.66,0
Vegetables,3.7,89.3,0.07,1
Eggs,4.5,60.3,1.92,0
Milk,4.3,85.2,3.38,1
Eggs,3.4,65.9,4.21,1
Vegetables,8.8,81.5,4.13,1
Fruits,6.0,77.9,4.03,1
Fruits,12.9,77.3,0.6,1
Vegetables,9.3,87.4,0.01,1
Vegetables,5.3,81.8,3.13,1
Fruits,5.8,79.1,1.56,0
Fruits,8.0,83.9,1.9,0
Milk,3.7,70.1,4.32,1
Meat,2.9,81.7,3.37,1
Meat,6.7,88.8,2.74,1
Meat,4.7,93.5,2.5,1
Eggs,2.4,50.5,1.71,0
Fruits,7.0,81.0,3.08,1
Milk,8.7,73.4,4.18,1
Meat,2.9,80.5,0.05,0
Milk,7.0,63.4,1.17,0
Fruits,10.0,71.5,0.51,1
Vegetables,2.0,90.9,4.64,1
Milk,4.7,68.7,0.56,0
Vegetables,5.1,83.5,4.06,1
Milk,4.1,62.2,2.48,0
Meat,7.1,89.0,3.8,1
Fruits,9.6,89.8,3.12,1
Meat,3.8,76.8,3.23,1
Eggs,2.6,51.7,0.29,0
Eggs,6.5,61.6,1.56,0
Vegetables,9.4,88.5,0.49,1
Meat,6.3,71.1,0.79,1
Vegetables,5.9,97.9,0.43,1
Vegetables,2.5,83.8,1.96,0
Eggs,10.0,54.6,3.03,1
Milk,2.1,75.6,2.5,0
Vegetables,7.8,93.9,2.15,1
Fruits,9.3,76.4,1.62,1
Milk,8.3,76.4,0.52,1
Vegetables,7.5,84.8,3.09,1
Vegetables,12.0,87.3,0.2,1
Eggs,6.8,61.6,1.85,0
Fruits,5.6,87.4,3.13,1
Milk,8.0,89.4,3.09,1
Fruits,11.1,70.9,2.68,1
Vegetables,2.2,96.4,1.96,1
Vegetables,7.3,97.3,1.81,1
Meat,4.8,78.3,0.65,0
Vegetables,9.7,93.3,0.47,1
Vegetables,2.7,95.1,3.78,1
Fruits,12.2,83.9,4.3,1
Fruits,14.2,87.4,3.02,1
Milk,10.0,80.2,1.75,1
Vegetables,3.1,87.7,1.04,1
Meat,4.2,80.0,1.06,0
Milk,8.5,69.9,4.71,1
Milk,3.2,63.3,4.09,1
Fruits,11.8,80.3,0.26,1
Milk,5.3,74.3,3.82,1
Eggs,8.9,66.4,4.62,1
Fruits,14.2,78.6,0.35,1
Vegetables,3.5,88.0,2.8,1
Vegetables,11.2,87.0,1.97,1
Milk,7.2,74.7,0.33,1
Milk,6.2,66.1,1.95,0
Fruits,7.1,82.6,0.88,0
Meat,4.3,93.3,0.14,1
Vegetables,6.0,96.3,3.12,1
Milk,6.1,66.1,1.81,0
Eggs,4.6,58.5,2.94,1
Eggs,8.6,61.8,0.72,1
Eggs,5.7,68.7,0.56,0
Milk,9.7,69.1,2.77,1
Milk,7.5,61.5,1.57,1
Meat,1.0,79.6,4.7,1
Fruits,5.7,82.1,0.14,0
Meat,4.4,73.0,2.18,0
Meat,1.2,74.1,2.0,0
Vegetables,11.3,96.2,1.73,1
Eggs,4.7,51.6,4.84,1
Fruits,11.6,81.3,3.75,1
Eggs,4.9,68.0,2.19,0
Meat,5.3,70.3,2.67,1
Fruits,8.6,86.5,2.81,1
Eggs,2.9,60.5,3.33,1
Vegetables,2.1,94.9,2.49,1
Milk,8.0,88.8,2.73,1
Eggs,4.5,51.1,1.5,0
Vegetables,3.0,85.1,0.37,1
Meat,6.9,78.6,3.69,1
Fruits,11.2,73.6,4.45,1
Fruits,5.7,72.3,0.33,0
Eggs,8.6,67.2,4.86,1
Fruits,8.5,76.9,2.07,0
Meat,6.0,77.5,2.81,1
Milk,5.9,68.5,2.37,0
Meat,6.7,81.0,3.91,1
Meat,7.0,70.4,3.44,1
Meat,2.8,93.9,1.57,1
Meat,2.1,92.4,4.11,1
Eggs,8.9,66.2,3.37,1
Fruits,5.3,85.8,4.62,1
Meat,7.7,81.9,4.65,1
Fruits,8.4,75.2,0.59,0
Vegetables,8.1,83.2,0.39,1
Meat,2.3,94.7,1.3,1
Fruits,12.8,87.2,3.56,1
Milk,4.7,66.6,3.43,1
Vegetables,3.2,93.0,0.83,1
Meat,3.7,86.2,3.02,1
Meat,4.0,70.7,4.12,1
Milk,7.4,87.5,1.94,1
Eggs,2.6,54.5,4.44,1
Milk,5.7,75.7,4.23,1
Milk,9.2,69.8,3.47,1
Fruits,4.7,86.4,0.87,1
Milk,9.0,89.3,1.33,1
Vegetables,9.5,93.7,1.25,1
Meat,0.1,72.6,0.81,0
Vegetables,3.9,87.5,0.17,1
Vegetables,10.0,80.2,0.41,1
Vegetables,8.4,82.2,3.83,1
Vegetables,3.6,83.1,1.85,0
Vegetables,2.8,94.4,2.77,1
Eggs,9.7,62.6,2.69,1
Fruits,9.4,86.5,3.07,1
Fruits,11.4,80.2,1.84,1
Eggs,6.6,64.8,3.7,1
Eggs,7.1,54.6,4.7,1
Eggs,5.0,63.3,1.67,0
Meat,6.9,91.4,4.14,1
Fruits,13.2,75.2,1.26,1
Milk,3.6,68.3,4.92,1
Vegetables,10.2,92.7,0.67,1
Meat,4.9,85.9,1.81,1
Vegetables,10.5,86.2,1.56,1
Meat,3.9,76.5,2.19,0
Meat,3.5,92.6,4.73,1
Milk,4.0,63.2,0.36,0
Fruits,7.3,77.6,1.12,0
Milk,5.9,69.4,3.73,1
Milk,4.1,85.3,3.36,1
Fruits,9.2,82.1,1.04,1
Vegetables,4.3,97.9,2.98,1
Meat,4.7,91.7,0.83,1
Eggs,2.5,55.6,4.36,1
Vegetables,2.5,96.2,2.39,1
Milk,4.5,85.2,4.31,1
Meat,4.5,93.9,0.82,1
Fruits,15.0,77.6,1.33,1
Vegetables,2.4,89.4,4.8,1
Milk,5.1,73.3,0.17,0
Milk,5.0,67.9,1.1,0
Milk,4.4,84.6,2.9,1
Meat,5.5,91.5,2.22,1
Milk,2.0,89.0,4.65,1
Vegetables,10.2,84.0,2.38,1
Meat,5.9,70.3,1.96,0
Vegetables,8.1,81.4,0.74,1
Vegetables,11.2,81.5,0.64,1
Eggs,2.1,64.1,1.87,0
Fruits,8.6,86.0,0.01,1
Vegetables,4.1,91.9,0.93,1
Milk,4.7,73.4,0.46,0
Vegetables,5.4,96.8,1.03,1
Milk,2.5,66.9,3.27,1
Meat,1.1,77.7,2.6,1
Vegetables,11.5,84.0,1.3,1
Milk,2.7,67.2,1.02,0
Fruits,14.4,73.6,3.43,1
Eggs,9.0,58.3,4.23,1
Fruits,12.5,74.3,4.77,1
Eggs,8.5,61.9,0.77,1
Meat,7.5,75.8,3.17,1
Fruits,6.4,89.7,3.51,1
Vegetables,4.5,96.9,4.97,1
Fruits,14.4,72.2,2.04,1
Meat,4.1,78.1,4.66,1
Milk,3.7,69.2,1.8,0
Meat,2.9,74.8,1.07,0
Vegetables,2.4,91.4,1.63,1
Eggs,5.8,62.6,1.91,0
Milk,4.7,63.9,1.22,0
Eggs,4.0,68.7,2.32,0
Fruits,7.3,75.9,2.0,0
Meat,5.8,90.8,2.25,1
Meat,1.4,93.1,3.13,1
Fruits,11.8,84.2,1.27,1
Meat,3.8,79.1,3.17,1
Milk,3.0,88.8,4.29,1
Vegetables,2.4,95.0,2.11,1
Meat,0.6,70.9,0.32,0
Milk,7.2,73.4,0.9,1
Meat,5.2,87.9,3.92,1
Fruits,10.2,82.0,4.98,1
Fruits,7.3,80.3,2.62,1
Fruits,8.7,82.9,4.18,1
Eggs,5.2,57.2,0.88,0
Eggs,3.6,62.5,4.52,1
Fruits,11.1,87.4,2.57,1
Eggs,2.6,52.4,2.66,1
Milk,7.3,84.8,4.81,1
Eggs,8.1,62.5,3.38,1
Eggs,8.8,61.2,4.51,1
Vegetables,6.9,97.4,1.38,1
Milk,5.7,83.6,4.32,1
Fruits,14.7,79.6,0.72,1
Milk,6.6,82.8,3.6,1
Fruits,13.7,78.2,2.75,1
Milk,2.4,78.9,0.55,0
Vegetables,9.0,83.3,4.31,1
Eggs,9.6,50.2,4.06,1
Milk,4.6,86.0,1.26,1
Meat,3.4,76.2,4.82,1
Meat,8.0,91.3,4.19,1
Vegetables,11.9,88.7,3.5,1
Eggs,8.5,53.1,0.64,1
Milk,6.5,73.6,3.63,1
Vegetables,10.0,94.4,4.55,1
Fruits,4.8,81.8,0.54,0
Fruits,5.6,84.4,0.06,0
Fruits,4.6,88.0,0.07,1
Meat,1.7,74.9,4.61,1
Vegetables,2.8,94.1,2.82,1
Meat,6.6,92.8,1.31,1
Eggs,7.4,59.4,4.5,1
Meat,2.2,86.0,4.27,1
Vegetables,11.7,84.2,0.27,1
Eggs,3.3,52.6,4.38,1
Vegetables,4.3,81.3,4.53,1
Milk,5.1,60.5,2.12,0
Meat,5.1,91.8,0.19,1
Fruits,4.0,85.0,1.36,0
Milk,9.6,88.1,2.49,1
Fruits,5.5,85.8,1.95,1
Meat,1.9,83.4,0.56,0
Vegetables,6.8,94.8,4.98,1
Milk,6.4,65.9,1.1,0
Fruits,10.4,77.7,3.77,1
Meat,5.4,73.8,1.18,0
Vegetables,9.2,90.7,4.03,1
Vegetables,6.8,80.2,3.98,1
Eggs,6.5,66.3,4.02,1
Milk,9.0,65.0,2.8,1
Fruits,5.8,78.6,3.35,1
Eggs,4.1,62.9,2.73,1
Vegetables,8.5,85.3,4.45,1
Meat,3.7,72.6,1.02,0
Eggs,7.4,55.3,3.01,1
Eggs,2.3,68.7,0.62,0
Vegetables,9.2,80.3,2.88,1
Vegetables,7.6,89.2,1.92,1
Eggs,5.3,52.4,3.73,1
Eggs,5.5,55.3,1.86,0
Milk,5.2,78.9,3.65,1
Vegetables,3.7,88.6,3.4,1
Milk,6.1,68.0,4.6,1
Milk,4.1,60.7,2.17,0
Fruits,5.0,81.2,4.88,1
Vegetables,3.0,96.8,1.74,1
Vegetables,5.8,91.1,1.13,1
Meat,3.3,87.3,1.55,1
Milk,4.9,66.0,0.96,0
Milk,6.7,89.8,2.39,1
Vegetables,8.0,93.8,1.29,1
Vegetables,9.3,80.1,3.5,1
Eggs,7.6,50.0,0.89,1
Milk,9.4,67.2,4.33,1
Fruits,7.4,83.4,0.7,0
Milk,8.6,78.8,4.72,1
Eggs,6.7,50.8,4.2,1
Fruits,12.5,76.1,2.05,1
Eggs,3.6,66.9,3.38,1
Milk,6.4,74.9,4.64,1
Meat,4.9,87.2,0.28,1
Milk,6.8,86.5,3.07,1
Eggs,7.1,64.0,4.74,1
Meat,3.0,75.7,3.66,1
Vegetables,8.6,94.8,4.55,1
Fruits,6.3,89.7,4.31,1
Fruits,13.7,89.6,4.74,1
Vegetables,4.8,94.8,1.64,1
Meat,4.6,75.0,3.73,1
Eggs,6.1,60.0,2.77,1
Milk,4.6,71.3,3.83,1
Vegetables,11.4,80.1,2.09,1
Milk,3.0,60.3,4.27,1
Vegetables,2.6,88.3,1.97,1
Vegetables,11.1,93.8,2.92,1
Fruits,4.3,84.0,1.25,0
Meat,2.5,94.0,2.98,1
Fruits,6.2,80.7,4.3,1
Eggs,2.3,54.0,4.73,1
Meat,3.8,90.3,3.26,1
Fruits,10.6,85.5,4.64,1
Fruits,10.8,86.0,0.37,1
Eggs,3.4,66.1,2.58,1
Fruits,8.5,86.9,1.56,1
Meat,5.6,87.8,3.91,1
Vegetables,2.1,90.6,3.6,1
Vegetables,7.8,80.0,1.71,0
